DATE,LAT,LON,PAR
2015-11-14T02:09:59.000Z,6.02,99.98,-32767
2015-11-21T02:05:00.000Z,6.02,99.98,-32767
2015-11-30T02:04:59.000Z,6.02,99.98,-32767
2015-12-07T02:05:00.000Z,6.02,99.98,-32767
2015-12-16T02:04:59.000Z,6.02,99.98,-32767
2015-12-23T02:04:59.000Z,6.02,99.98,-32767
2016-01-01T02:05:00.000Z,6.02,99.98,-32767
2016-01-02T02:30:00.000Z,6.02,99.98,-32767
2016-01-08T02:04:59.000Z,6.02,99.98,-32767
2016-01-17T02:05:00.000Z,6.02,99.98,-32767
2016-01-24T02:04:59.000Z,6.02,99.98,-32767
2016-01-25T02:34:59.000Z,6.02,99.98,-32767
2016-01-27T02:24:59.000Z,6.02,99.98,-32767
2016-02-02T02:10:00.000Z,6.02,99.98,-32767
2016-02-03T02:29:59.000Z,6.02,99.98,-32767
2016-02-09T02:14:59.000Z,6.02,99.98,-32767
2016-02-18T02:09:59.000Z,6.02,99.98,-32767
2016-02-19T02:29:59.000Z,6.02,99.98,-32767
2016-02-25T02:14:59.000Z,6.02,99.98,-32767
2016-02-26T02:34:59.000Z,6.02,99.98,-32767
2016-02-28T02:25:00.000Z,6.02,99.98,-32767
2016-03-05T02:09:59.000Z,6.02,99.98,-32767
2016-03-06T02:55:00.000Z,6.02,99.98,-32767
2016-03-12T02:19:59.000Z,6.02,99.98,-32767
2016-03-13T02:59:59.000Z,6.02,99.98,-32767
2016-03-15T02:49:59.000Z,6.02,99.98,-32767
2016-03-21T02:14:59.000Z,6.02,99.98,-32767
2016-03-22T02:59:59.000Z,6.02,99.98,-32767
2016-03-24T02:45:00.000Z,6.02,99.98,-32767
2016-03-28T02:19:59.000Z,6.02,99.98,-32767
2016-03-29T02:59:59.000Z,6.02,99.98,-32767
2016-03-31T02:49:59.000Z,6.02,99.98,-32767
2016-04-06T02:15:00.000Z,6.02,99.98,-32767
2016-04-07T02:59:59.000Z,6.02,99.98,-32767
2016-04-09T02:45:00.000Z,6.02,99.98,-32767
2016-04-13T02:19:59.000Z,6.02,99.98,-32767
2016-04-14T02:34:59.000Z,6.02,99.98,-32767
2016-04-16T02:49:59.000Z,6.02,99.98,-32767
2016-04-22T02:15:00.000Z,6.02,99.98,-32767
2016-04-23T02:59:59.000Z,6.02,99.98,-32767
2016-04-25T02:45:00.000Z,6.02,99.98,-32767
2016-04-29T02:19:59.000Z,6.02,99.98,-32767
2016-04-30T02:59:59.000Z,6.02,99.98,-32767
2016-05-02T02:49:59.000Z,6.02,99.98,-32767
2016-05-08T02:15:00.000Z,6.02,99.98,-32767
2016-05-09T02:59:59.000Z,6.02,99.98,-32767
2016-05-15T02:19:59.000Z,6.02,99.98,-32767
2016-05-18T02:49:59.000Z,6.02,99.98,-32767
2016-05-24T02:15:00.000Z,6.02,99.98,-32767
2016-05-25T02:54:59.000Z,6.02,99.98,-32767
2016-05-31T02:19:59.000Z,6.02,99.98,-32767
2016-06-03T02:49:59.000Z,6.02,99.98,-32767
2016-06-09T02:15:00.000Z,6.02,99.98,-32767
2016-06-10T02:54:59.000Z,6.02,99.98,-32767
2016-06-16T02:19:59.000Z,6.02,99.98,-32767
2016-06-25T02:15:00.000Z,6.02,99.98,-32767
2016-06-26T02:54:59.000Z,6.02,99.98,-32767
2016-07-02T02:19:59.000Z,6.02,99.98,-32767
2016-07-11T02:15:00.000Z,6.02,99.98,-32767
2016-07-12T02:54:59.000Z,6.02,99.98,-32767
2016-07-18T02:19:59.000Z,6.02,99.98,-32767
2016-07-19T03:00:00.000Z,6.02,99.98,-32767
2016-07-27T02:15:00.000Z,6.02,99.98,-32767
2016-07-28T02:54:59.000Z,6.02,99.98,-32767
2016-08-03T02:19:59.000Z,6.02,99.98,-32767
2016-08-04T03:00:00.000Z,6.02,99.98,-32767
2016-08-12T02:15:00.000Z,6.02,99.98,-32767
2016-08-13T02:54:59.000Z,6.02,99.98,-32767
2016-08-19T02:19:59.000Z,6.02,99.98,-32767
2016-08-20T03:00:00.000Z,6.02,99.98,-32767
2016-08-22T02:50:00.000Z,6.02,99.98,-32767
2016-08-28T02:14:59.000Z,6.02,99.98,-32767
2016-08-29T02:54:59.000Z,6.02,99.98,-32767
2016-09-04T02:20:00.000Z,6.02,99.98,-32767
2016-09-05T03:00:00.000Z,6.02,99.98,-32767
2016-09-07T02:50:00.000Z,6.02,99.98,-32767
2016-09-13T02:14:59.000Z,6.02,99.98,-32767
2016-09-14T02:54:59.000Z,6.02,99.98,-32767
2016-09-16T02:44:59.000Z,6.02,99.98,-32767
2016-09-20T02:20:00.000Z,6.02,99.98,-32767
2016-09-21T02:59:59.000Z,6.02,99.98,-32767
2016-09-23T02:50:00.000Z,6.02,99.98,-32767
2016-09-25T02:40:00.000Z,6.02,99.98,-32767
2016-09-29T02:09:59.000Z,6.02,99.98,-32767
2016-09-30T02:54:59.000Z,6.02,99.98,-32767
2016-10-02T02:44:59.000Z,6.02,99.98,-32767
2016-10-06T02:20:00.000Z,6.02,99.98,-32767
2016-10-07T02:34:59.000Z,6.02,99.98,-32767
2016-10-09T02:24:59.000Z,6.02,99.98,-32767
2016-10-11T02:34:59.000Z,6.02,99.98,-32767
2016-10-15T02:09:59.000Z,6.02,99.98,-32767
2016-10-16T02:30:00.000Z,6.02,99.98,-32767
2016-10-18T02:20:00.000Z,6.02,99.98,-32767
2016-10-22T02:14:59.000Z,6.02,99.98,-32767
2016-10-25T02:24:59.000Z,6.02,99.98,-32767
2016-10-31T02:10:00.000Z,6.02,99.98,-32767
2016-11-01T02:30:00.000Z,6.02,99.98,-32767
2016-11-07T02:04:59.000Z,6.02,99.98,-32767
2016-11-10T02:24:59.000Z,6.02,99.98,-32767
2016-11-16T02:05:00.000Z,6.02,99.98,-32767
2016-11-23T02:04:59.000Z,6.02,99.98,-32767
2016-12-02T02:04:59.000Z,6.02,99.98,-32767
2016-12-03T02:29:59.000Z,6.02,99.98,-32767
2016-12-09T02:04:59.000Z,6.02,99.98,-32767
2016-12-18T02:04:59.000Z,6.02,99.98,-32767
2016-12-25T02:05:00.000Z,6.02,99.98,-32767
2017-01-03T02:05:00.000Z,6.02,99.98,-32767
2017-01-10T02:04:59.000Z,6.02,99.98,-32767
2017-01-19T02:05:00.000Z,6.02,99.98,-32767
2017-01-20T02:30:00.000Z,6.02,99.98,-32767
2017-01-26T02:04:59.000Z,6.02,99.98,-32767
2017-01-29T02:24:59.000Z,6.02,99.98,-32767
2017-02-04T02:10:00.000Z,6.02,99.98,-32767
2017-02-11T02:14:59.000Z,6.02,99.98,-32767
2017-02-14T02:25:00.000Z,6.02,99.98,-32767
2017-02-20T02:10:00.000Z,6.02,99.98,-32767
2017-02-21T02:29:59.000Z,6.02,99.98,-32767
2017-02-27T02:14:59.000Z,6.02,99.98,-32767
2017-02-28T02:34:59.000Z,6.02,99.98,-32767
2017-03-02T02:25:00.000Z,6.02,99.98,-32767
2017-03-08T02:10:00.000Z,6.02,99.98,-32767
2017-03-09T02:54:59.000Z,6.02,99.98,-32767
2017-03-15T02:19:59.000Z,6.02,99.98,-32767
2017-03-16T03:00:00.000Z,6.02,99.98,-32767
2017-03-18T02:49:59.000Z,6.02,99.98,-32767
2017-03-24T02:15:00.000Z,6.02,99.98,-32767
2017-03-25T02:59:59.000Z,6.02,99.98,-32767
2017-03-31T02:19:59.000Z,6.02,99.98,-32767
2017-04-01T03:00:00.000Z,6.02,99.98,-32767
2017-04-03T02:49:59.000Z,6.02,99.98,-32767
2017-04-09T02:15:00.000Z,6.02,99.98,-32767
2017-04-10T02:54:59.000Z,6.02,99.98,-32767
2017-04-12T02:45:00.000Z,6.02,99.98,-32767
2017-04-16T02:19:59.000Z,6.02,99.98,-32767
2017-04-17T03:00:00.000Z,6.02,99.98,-32767
2017-04-19T02:49:59.000Z,6.02,99.98,-32767
2017-04-25T02:15:00.000Z,6.02,99.98,-32767
2017-04-26T02:54:59.000Z,6.02,99.98,-32767
2017-05-02T02:19:59.000Z,6.02,99.98,-32767
2017-05-03T03:00:00.000Z,6.02,99.98,-32767
2017-05-05T02:49:59.000Z,6.02,99.98,-32767
2017-05-11T02:15:00.000Z,6.02,99.98,-32767
2017-05-12T02:54:59.000Z,6.02,99.98,-32767
2017-05-18T02:19:59.000Z,6.02,99.98,-32767
2017-05-19T02:59:59.000Z,6.02,99.98,-32767
2017-05-21T02:49:59.000Z,6.02,99.98,-32767
2017-05-27T02:15:00.000Z,6.02,99.98,-32767
2017-06-03T02:19:59.000Z,6.02,99.98,-32767
2017-06-12T02:15:00.000Z,6.02,99.98,-32767
2017-06-13T02:54:59.000Z,6.02,99.98,-32767
2017-06-19T02:19:59.000Z,6.02,99.98,-32767
2017-06-28T02:15:00.000Z,6.02,99.98,-32767
2017-06-29T02:54:59.000Z,6.02,99.98,-32767
2017-07-05T02:19:59.000Z,6.02,99.98,-32767
2017-07-06T02:59:59.000Z,6.02,99.98,-32767
2017-07-14T02:15:00.000Z,6.02,99.98,-32767
2017-07-15T02:54:59.000Z,6.02,99.98,-32767
2017-07-21T02:19:59.000Z,6.02,99.98,-32767
2017-07-30T02:15:00.000Z,6.02,99.98,-32767
2017-07-31T02:54:59.000Z,6.02,99.98,-32767
2017-08-06T02:19:59.000Z,6.02,99.98,-32767
2017-08-07T03:00:00.000Z,6.02,99.98,-32767
2017-08-09T02:49:59.000Z,6.02,99.98,-32767
2017-08-15T02:15:00.000Z,6.02,99.98,-32767
2017-08-16T02:54:59.000Z,6.02,99.98,-32767
2017-08-22T02:19:59.000Z,6.02,99.98,-32767
2017-08-25T02:49:59.000Z,6.02,99.98,-32767
2017-08-31T02:15:00.000Z,6.02,99.98,-32767
2017-09-01T02:55:09.000Z,6.02,99.98,-32767
2017-09-07T02:19:59.000Z,6.02,99.98,-32767
2017-09-08T03:00:00.000Z,6.02,99.98,-32767
2017-09-10T02:50:00.000Z,6.02,99.98,-32767
2017-09-16T02:15:00.000Z,6.02,99.98,-32767
2017-09-17T02:54:59.000Z,6.02,99.98,-32767
2017-09-19T02:44:59.000Z,6.02,99.98,-32767
2017-09-23T02:19:59.000Z,6.02,99.98,-32767
2017-09-26T02:50:00.000Z,6.02,99.98,-32767
2017-10-02T02:10:00.000Z,6.02,99.98,-32767
2017-10-03T02:54:59.000Z,6.02,99.98,-32767
2017-10-05T02:44:59.000Z,6.02,99.98,-32767
2017-10-09T02:19:59.000Z,6.02,99.98,-32767
2017-10-12T02:24:59.000Z,6.02,99.98,-32767
2017-10-18T02:10:00.000Z,6.02,99.98,-32767
2017-10-19T02:29:58.000Z,6.02,99.98,-32767
2017-10-21T02:19:59.000Z,6.02,99.98,-32767
2017-10-25T02:14:59.000Z,6.02,99.98,-32767
2017-11-03T02:10:00.000Z,6.02,99.98,-32767
2017-11-04T02:29:59.000Z,6.02,99.98,-32767
2017-11-10T02:04:59.000Z,6.02,99.98,-32767
2017-11-19T02:04:59.000Z,6.02,99.98,-32767
2017-11-26T02:05:00.000Z,6.02,99.98,-32767
2017-11-29T02:25:00.000Z,6.02,99.98,-32767
2017-12-05T02:04:59.000Z,6.02,99.98,-32767
2017-12-12T02:04:58.000Z,6.02,99.98,-32767
2017-12-21T02:04:59.000Z,6.02,99.98,-32767
2017-12-22T02:29:59.000Z,6.02,99.98,-32767
2017-12-28T02:04:59.000Z,6.02,99.98,-32767
2017-12-31T02:24:59.000Z,6.02,99.98,-32767
2018-01-06T02:05:00.000Z,6.02,99.98,-32767
2018-01-13T02:04:59.000Z,6.02,99.98,-32767
2018-01-16T02:24:59.000Z,6.02,99.98,-32767
2018-01-22T02:10:00.000Z,6.02,99.98,-32767
2018-01-29T02:04:59.000Z,6.02,99.98,-32767
2018-02-07T02:09:59.000Z,6.02,99.98,-32767
2018-02-08T02:29:59.000Z,6.02,99.98,-32767
2018-02-14T02:14:59.000Z,6.02,99.98,-32767
2018-02-23T02:09:59.000Z,6.02,99.98,-32767
2018-02-24T02:29:59.000Z,6.02,99.98,-32767
2018-03-02T02:19:59.000Z,6.02,99.98,-32767
2018-03-05T02:49:59.000Z,6.02,99.98,-32767
2018-03-11T02:14:59.000Z,6.02,99.98,-32767
2018-03-12T02:55:00.000Z,6.02,99.98,-32767
2018-03-18T02:19:59.000Z,6.02,99.98,-32767
2018-03-21T02:49:59.000Z,6.02,99.98,-32767
2018-03-27T02:14:59.000Z,6.02,99.98,-32767
2018-03-28T03:00:00.000Z,6.02,99.98,-32767
2018-04-03T02:19:59.000Z,6.02,99.98,-32767
2018-04-06T02:49:59.000Z,6.02,99.98,-32767
2018-04-12T02:14:59.000Z,6.02,99.98,-32767
2018-04-13T02:59:59.000Z,6.02,99.98,-32767
2018-04-19T02:19:59.000Z,6.02,99.98,-32767
2018-04-22T02:49:59.000Z,6.02,99.98,-32767
2018-04-28T02:14:59.000Z,6.02,99.98,-32767
2018-04-29T03:00:00.000Z,6.02,99.98,-32767
2018-05-05T02:19:59.000Z,6.02,99.98,-32767
2018-05-08T02:49:59.000Z,6.02,99.98,-32767
2018-05-14T02:14:59.000Z,6.02,99.98,-32767
2018-05-21T02:19:59.000Z,6.02,99.98,-32767
2018-05-30T02:14:59.000Z,6.02,99.98,-32767
2018-06-06T02:19:59.000Z,6.02,99.98,-32767
2018-06-15T02:14:59.000Z,6.02,99.98,-32767
2018-06-16T02:55:00.000Z,6.02,99.98,-32767
2018-06-22T02:19:59.000Z,6.02,99.98,-32767
2018-07-01T02:14:59.000Z,6.02,99.98,-32767
2018-07-08T02:19:59.000Z,6.02,99.98,-32767
2018-07-17T02:14:59.000Z,6.02,99.98,-32767
2018-07-18T03:00:00.000Z,6.02,99.98,-32767
2018-07-24T02:19:59.000Z,6.02,99.98,-32767
2018-07-27T02:49:59.000Z,6.02,99.98,-32767
2018-08-02T02:14:59.000Z,6.02,99.98,-32767
2018-08-03T03:00:00.000Z,6.02,99.98,-32767
2018-08-09T02:19:59.000Z,6.02,99.98,-32767
2018-08-12T02:49:59.000Z,6.02,99.98,-32767
2018-08-18T02:14:59.000Z,6.02,99.98,-32767
2018-08-19T03:00:00.000Z,6.02,99.98,-32767
2018-08-25T02:19:59.000Z,6.02,99.98,-32767
2018-08-26T02:59:59.000Z,6.02,99.98,-32767
2018-08-28T02:49:59.000Z,6.02,99.98,-32767
2018-09-03T02:14:59.000Z,6.02,99.98,-32767
2018-09-04T03:00:00.000Z,6.02,99.98,-32767
2018-09-10T02:19:59.000Z,6.02,99.98,-32767
2018-09-11T02:59:59.000Z,6.02,99.98,-32767
2018-09-13T02:49:59.000Z,6.02,99.98,-32767
2018-09-19T02:14:59.000Z,6.02,99.98,-32767
2018-09-20T02:55:00.000Z,6.02,99.98,-32767
2018-09-22T02:44:59.000Z,6.02,99.98,-32767
2018-09-26T02:19:59.000Z,6.02,99.98,-32767
2018-09-29T02:49:59.000Z,6.02,99.98,-32767
2018-10-05T02:09:59.000Z,6.02,99.98,-32767
2018-10-06T02:55:00.000Z,6.02,99.98,-32767
2018-10-12T02:19:59.000Z,6.02,99.98,-32767
2018-10-15T02:25:00.000Z,6.02,99.98,-32767
2018-10-21T02:09:59.000Z,6.02,99.98,-32767
2018-10-22T02:29:59.000Z,6.02,99.98,-32767
2018-10-24T02:19:59.000Z,6.02,99.98,-32767
2018-10-28T02:15:00.000Z,6.02,99.98,-32767
2018-10-31T02:24:59.000Z,6.02,99.98,-32767
2018-11-06T02:09:59.000Z,6.02,99.98,-32767
2018-11-07T02:29:59.000Z,6.02,99.98,-32767
2018-11-13T02:04:59.000Z,6.02,99.98,-32767
2018-11-22T02:05:00.000Z,6.02,99.98,-32767
2018-11-29T02:04:59.000Z,6.02,99.98,-32767
2018-12-08T02:05:00.000Z,6.02,99.98,-32767
2018-12-15T02:04:59.000Z,6.02,99.98,-32767
2018-12-18T02:24:59.000Z,6.02,99.98,-32767
2018-12-24T02:04:59.000Z,6.02,99.98,-32767
2018-12-31T02:05:00.000Z,6.02,99.98,-32767
2019-01-09T02:04:59.000Z,6.02,99.98,-32767
2019-01-16T02:05:00.000Z,6.02,99.98,-32767
2019-01-25T02:09:59.000Z,6.02,99.98,-32767
2019-01-26T02:29:59.000Z,6.02,99.98,-32767
2019-02-01T02:04:59.000Z,6.02,99.98,-32767
2019-02-10T02:09:59.000Z,6.02,99.98,-32767
2019-02-11T02:30:00.000Z,6.02,99.98,-32767
2019-02-17T02:14:59.000Z,6.02,99.98,-32767
2019-02-26T02:10:00.000Z,6.02,99.98,-32767
2019-03-05T02:19:59.000Z,6.02,99.98,-32767
2019-03-08T02:50:00.000Z,6.02,99.98,-32767
2019-03-14T02:14:59.000Z,6.02,99.98,-32767
2019-03-15T02:54:59.000Z,6.02,99.98,-32767
2019-03-21T02:19:59.000Z,6.02,99.98,-32767
2019-03-22T03:00:00.000Z,6.02,99.98,-32767
2019-03-24T02:50:00.000Z,6.02,99.98,-32767
2019-03-30T02:14:59.000Z,6.02,99.98,-32767
2019-03-31T02:59:59.000Z,6.02,99.98,-32767
2019-04-02T02:44:59.000Z,6.02,99.98,-32767
2019-04-06T02:19:59.000Z,6.02,99.98,-32767
2019-04-07T03:00:00.000Z,6.02,99.98,-32767
2019-04-09T02:50:00.000Z,6.02,99.98,-32767
2019-04-15T02:14:59.000Z,6.02,99.98,-32767
2019-04-16T02:54:59.000Z,6.02,99.98,-32767
2019-04-22T02:19:59.000Z,6.02,99.98,-32767
2019-04-25T02:50:00.000Z,6.02,99.98,-32767
2019-05-01T02:15:00.000Z,6.02,99.98,-32767
2019-05-02T02:54:59.000Z,6.02,99.98,-32767
2019-05-08T02:19:59.000Z,6.02,99.98,-32767
2019-05-09T03:00:00.000Z,6.02,99.98,-32767
2019-05-11T02:49:59.000Z,6.02,99.98,-32767
2019-05-17T02:15:00.000Z,6.02,99.98,-32767
2019-05-18T02:54:59.000Z,6.02,99.98,-32767
2019-05-24T02:19:59.000Z,6.02,99.98,-32767
2019-06-02T02:15:00.000Z,6.02,99.98,-32767
2019-06-03T02:54:59.000Z,6.02,99.98,-32767
2019-06-09T02:19:59.000Z,6.02,99.98,-32767
2019-06-18T02:15:00.000Z,6.02,99.98,-32767
2019-06-19T02:54:59.000Z,6.02,99.98,-32767
2019-06-25T02:19:59.000Z,6.02,99.98,-32767
2019-06-26T02:59:59.000Z,6.02,99.98,-32767
2019-07-04T02:15:00.000Z,6.02,99.98,-32767
2019-07-05T02:54:59.000Z,6.02,99.98,-32767
2019-07-11T02:19:59.000Z,6.02,99.98,-32767
2019-07-20T02:15:00.000Z,6.02,99.98,-32767
2019-07-21T02:54:59.000Z,6.02,99.98,-32767
2019-07-27T02:19:59.000Z,6.02,99.98,-32767
2019-08-05T02:15:00.000Z,6.02,99.98,-32767
2019-08-06T02:55:00.000Z,6.02,99.98,-32767
2019-08-12T02:19:59.000Z,6.02,99.98,-32767
2019-08-13T02:59:59.000Z,6.02,99.98,-32767
2019-08-15T02:49:59.000Z,6.02,99.98,-32767
2019-08-21T02:15:00.000Z,6.02,99.98,-32767
2019-08-22T02:55:00.000Z,6.02,99.98,-32767
2019-08-28T02:19:59.000Z,6.02,99.98,-32767
2019-08-29T02:59:59.000Z,6.02,99.98,-32767
2019-08-31T02:49:59.000Z,6.02,99.98,-32767
2019-09-06T02:15:00.000Z,6.02,99.98,-32767
2019-09-07T02:55:00.000Z,6.02,99.98,-32767
2019-09-09T02:45:00.000Z,6.02,99.98,-32767
2019-09-13T02:19:59.000Z,6.02,99.98,-32767
2019-09-14T02:59:59.000Z,6.02,99.98,-32767
2019-09-16T02:49:59.000Z,6.02,99.98,-32767
2019-09-22T02:15:00.000Z,6.02,99.98,-32767
2019-09-23T02:55:00.000Z,6.02,99.98,-32767
2019-09-29T02:19:59.000Z,6.02,99.98,-32767
2019-10-02T02:49:59.000Z,6.02,99.98,-32767
2019-10-08T02:09:59.000Z,6.02,99.98,-32767
2019-10-09T02:29:59.000Z,6.02,99.98,-32767
2019-10-15T02:14:59.000Z,6.02,99.98,-32767
2019-10-18T02:25:00.000Z,6.02,99.98,-32767
2019-10-22T02:19:59.000Z,6.02,99.98,-32767
2019-10-24T02:09:59.000Z,6.02,99.98,-32767
2019-10-31T02:15:00.000Z,6.02,99.98,-32767
2019-11-03T02:24:59.000Z,6.02,99.98,-32767
2019-11-09T02:09:59.000Z,6.02,99.98,-32767
2019-11-16T02:04:59.000Z,6.02,99.98,-32767
2019-11-25T02:05:00.000Z,6.02,99.98,-32767
2019-11-26T02:30:00.000Z,6.02,99.98,-32767
2019-12-02T02:04:59.000Z,6.02,99.98,-32767
2019-12-05T02:24:59.000Z,6.02,99.98,-32767
2019-12-11T02:05:00.000Z,6.02,99.98,-32767
2019-12-18T02:04:59.000Z,6.02,99.98,-32767
2019-12-27T02:04:59.000Z,6.02,99.98,-32767
2020-01-03T02:05:00.000Z,6.02,99.98,-32767
2020-01-12T02:04:59.000Z,6.02,99.98,-32767
2020-01-19T02:04:59.000Z,6.02,99.98,-32767
2020-01-28T02:09:59.000Z,6.02,99.98,-32767
2020-02-04T02:04:59.000Z,6.02,99.98,-32767
2020-02-13T02:10:00.000Z,6.02,99.98,-32767
2020-02-20T02:14:59.000Z,6.02,99.98,-32767
2020-02-23T02:24:59.000Z,6.02,99.98,-32767
2020-02-29T02:10:00.000Z,6.02,99.98,-32767
2020-03-01T02:29:59.000Z,6.02,99.98,-32767
2020-03-07T02:19:59.000Z,6.02,99.98,-32767
2020-03-08T03:00:00.000Z,6.02,99.98,-32767
2020-03-10T02:49:59.000Z,6.02,99.98,-32767
2020-03-16T02:15:00.000Z,6.02,99.98,-32767
2020-03-17T02:54:59.000Z,6.02,99.98,-32767
2020-03-19T02:45:00.000Z,6.02,99.98,-32767
2020-03-23T02:19:59.000Z,6.02,99.98,-32767
2020-03-24T02:59:59.000Z,6.02,99.98,-32767
2020-04-01T02:15:00.000Z,6.02,99.98,-32767
2020-04-02T02:54:59.000Z,6.02,99.98,-32767
2020-04-04T02:45:00.000Z,6.02,99.98,-32767
2020-04-08T02:19:59.000Z,6.02,99.98,-32767
2020-04-11T02:49:59.000Z,6.02,99.98,-32767
2020-04-17T02:15:00.000Z,6.02,99.98,-32767
2020-04-18T02:55:00.000Z,6.02,99.98,-32767
2020-04-24T02:19:59.000Z,6.02,99.98,-32767
2020-04-25T02:59:59.000Z,6.02,99.98,-32767
2020-04-27T02:49:59.000Z,6.02,99.98,-32767
2020-05-03T02:14:59.000Z,6.02,99.98,-32767
2020-05-04T02:55:00.000Z,6.02,99.98,-32767
2020-05-10T02:19:59.000Z,6.02,99.98,-32767
2020-05-19T02:14:59.000Z,6.02,99.98,-32767
2020-05-26T02:19:59.000Z,6.02,99.98,-32767
2020-06-04T02:14:59.000Z,6.02,99.98,-32767
2020-06-05T02:55:00.000Z,6.02,99.98,-32767
2020-06-11T02:20:00.000Z,6.02,99.98,-32767
2020-06-14T02:49:59.000Z,6.02,99.98,-32767
2020-06-20T02:14:59.000Z,6.02,99.98,-32767
2020-06-21T02:54:59.000Z,6.02,99.98,-32767
2020-06-27T02:20:00.000Z,6.02,99.98,-32767
2020-06-30T02:50:00.000Z,6.02,99.98,-32767
2020-07-06T02:14:59.000Z,6.02,99.98,-32767
2020-07-07T02:54:59.000Z,6.02,99.98,-32767
2020-07-13T02:20:00.000Z,6.02,99.98,-32767
2020-07-22T02:14:59.000Z,6.02,99.98,-32767
2020-07-29T02:20:00.000Z,6.02,99.98,-32767
2020-07-30T02:59:59.000Z,6.02,99.98,-32767
2020-08-01T02:50:00.000Z,6.02,99.98,-32767
2020-08-07T02:14:59.000Z,6.02,99.98,-32767
2020-08-08T02:54:59.000Z,6.02,99.98,-32767
2020-08-14T02:20:00.000Z,6.02,99.98,-32767
2020-08-17T02:50:00.000Z,6.02,99.98,-32767
2020-08-18T02:59:59.000Z,6.02,99.98,-32767
2020-08-19T02:40:00.000Z,6.02,99.98,-32767
2020-08-20T02:48:24.000Z,6.02,99.98,-32767
2020-08-21T01:50:00.000Z,6.02,99.98,-32767
2020-08-22T02:36:06.000Z,6.02,99.98,-32767
2020-08-23T01:34:59.000Z,6.02,99.98,-32767
2020-08-24T02:54:59.000Z,6.02,99.98,-32767
2020-08-25T02:59:59.000Z,6.02,99.98,-32767
2020-08-26T02:44:59.000Z,6.02,99.98,-32767
2020-08-27T02:54:37.000Z,6.02,99.98,-32767
2020-08-28T01:54:59.000Z,6.02,99.98,-32767
2020-08-29T02:42:17.000Z,6.02,99.98,-32767
2020-08-30T01:44:59.000Z,6.02,99.98,-32767
2020-08-31T02:59:59.000Z,6.02,99.98,-32767
2020-09-01T02:09:59.000Z,6.02,99.98,-32767
2020-09-02T02:50:00.000Z,6.02,99.98,-32767
2020-09-03T02:59:59.000Z,6.02,99.98,-32767
2020-09-08T02:14:59.000Z,6.02,99.98,-32767
2020-09-09T02:54:59.000Z,6.02,99.98,-32767
2020-09-11T02:44:59.000Z,6.02,99.98,-32767
2020-09-15T02:20:00.000Z,6.02,99.98,-32767
2020-09-16T02:59:59.000Z,6.02,99.98,-32767
2020-09-18T02:50:00.000Z,6.02,99.98,-32767
2020-09-20T02:39:59.000Z,6.02,99.98,-32767
2020-09-24T02:14:59.000Z,6.02,99.98,-32767
2020-09-25T02:54:59.000Z,6.02,99.98,-32767
2020-09-27T02:44:59.000Z,6.02,99.98,-32767
2020-10-01T02:20:00.000Z,6.02,99.98,-32767
2020-10-04T02:50:00.000Z,6.02,99.98,-32767
2020-10-10T02:10:00.000Z,6.02,99.98,-32767
2020-10-11T02:30:00.000Z,6.02,99.98,-32767
2020-10-13T02:19:59.000Z,6.02,99.98,-32767
2020-10-17T02:14:59.000Z,6.02,99.98,-32767
2020-10-20T02:24:59.000Z,6.02,99.98,-32767
2020-10-26T02:10:00.000Z,6.02,99.98,-32767
2020-10-27T02:29:59.000Z,6.02,99.98,-32767
2020-10-29T02:19:59.000Z,6.02,99.98,-32767
2020-11-02T02:04:59.000Z,6.02,99.98,-32767
2020-11-05T02:25:00.000Z,6.02,99.98,-32767
2020-11-11T02:09:59.000Z,6.02,99.98,-32767
2020-11-12T02:29:59.000Z,6.02,99.98,-32767
2018-06-26T03:00:00.000Z,6.02,99.98,2.51
2016-10-29T02:10:00.000Z,6.02,99.98,4.29
2019-06-23T02:29:59.000Z,6.02,99.98,4.688
2017-06-23T02:59:59.000Z,6.02,99.98,5.456
2019-08-11T02:44:59.000Z,6.02,99.98,5.806
2017-06-30T02:59:59.000Z,6.02,99.98,6.746
2016-12-21T02:19:59.000Z,6.02,99.98,7.5
2016-10-20T02:09:59.000Z,6.02,99.98,7.65
2019-07-19T02:40:00.000Z,6.02,99.98,7.696
2017-09-22T02:44:59.000Z,6.02,99.98,7.932
2018-10-19T02:24:58.000Z,6.02,99.98,7.934
2019-11-13T02:54:59.000Z,6.02,99.98,8.184
2019-08-30T02:59:59.000Z,6.02,99.98,8.196
2016-11-05T02:09:59.000Z,6.02,99.98,8.9
2018-09-23T02:54:59.000Z,6.02,99.98,9.122
2018-09-17T02:25:00.000Z,6.02,99.98,9.182
2017-01-09T02:44:59.000Z,6.02,99.98,9.538
2015-11-23T03:00:00.000Z,6.02,99.98,9.602
2018-09-15T02:39:59.000Z,6.02,99.98,9.61
2016-09-08T02:59:59.000Z,6.02,99.98,10.408
2017-06-18T02:44:59.000Z,6.02,99.98,10.548
2018-08-20T02:59:59.000Z,6.02,99.98,10.564
2019-07-17T02:50:00.000Z,6.02,99.98,10.698
2018-11-04T02:09:59.000Z,6.02,99.98,11.278
2017-08-29T02:24:59.000Z,6.02,99.98,11.37
2020-10-08T02:24:59.000Z,6.02,99.98,11.558
2019-09-04T02:25:00.000Z,6.02,99.98,11.698
2019-09-19T02:50:00.000Z,6.02,99.98,12.03
2016-06-18T02:09:59.000Z,6.02,99.98,12.074
2019-09-17T02:59:59.000Z,6.02,99.98,12.18
2017-07-12T02:25:00.000Z,6.02,99.98,12.516
2019-09-25T02:45:00.000Z,6.02,99.98,12.536
2017-11-05T03:00:00.000Z,6.02,99.98,12.728
2018-01-12T02:44:59.000Z,6.02,99.98,12.796
2020-06-15T03:00:00.000Z,6.02,99.98,13.188
2017-01-02T02:39:59.000Z,6.02,99.98,13.372
2019-10-28T02:54:59.000Z,6.02,99.98,13.53
2020-07-17T02:59:59.000Z,6.02,99.98,13.552
2018-04-25T02:50:00.000Z,6.02,99.98,13.73
2016-12-13T02:59:59.000Z,6.02,99.98,13.744
2019-08-26T02:29:59.000Z,6.02,99.98,13.948
2016-02-06T02:54:59.000Z,6.02,99.98,14.782
2016-11-08T02:34:59.000Z,6.02,99.98,15.284
2016-09-06T02:59:59.000Z,6.02,99.98,15.52
2018-11-21T02:39:59.000Z,6.02,99.98,15.588
2019-09-15T02:59:59.000Z,6.02,99.98,15.862
2018-07-03T02:59:59.000Z,6.02,99.98,15.912
2017-10-13T02:59:59.000Z,6.02,99.98,16.014
2017-01-01T02:09:59.000Z,6.02,99.98,16.238
2017-11-27T02:35:00.000Z,6.02,99.98,16.39
2017-07-13T02:40:00.000Z,6.02,99.98,16.584
2017-11-06T02:19:59.000Z,6.02,99.98,16.962
2017-11-30T03:00:00.000Z,6.02,99.98,17.066
2017-04-06T02:50:00.000Z,6.02,99.98,17.304
2019-01-04T03:00:00.000Z,6.02,99.98,17.702
2015-12-01T02:29:59.000Z,6.02,99.98,17.924
2017-02-24T02:54:59.000Z,6.02,99.98,18.01
2016-05-22T02:25:00.000Z,6.02,99.98,18.18
2016-06-21T02:39:59.000Z,6.02,99.98,18.184
2016-07-20T02:04:59.000Z,6.02,99.98,18.212
2016-11-30T02:10:00.000Z,6.02,99.98,18.308
2015-12-21T02:09:59.000Z,6.02,99.98,18.34
2016-12-07T02:09:59.000Z,6.02,99.98,18.352
2016-12-20T02:59:59.000Z,6.02,99.98,18.496
2016-08-25T02:49:59.000Z,6.02,99.98,18.768
2019-12-01T02:44:59.000Z,6.02,99.98,18.84
2018-09-05T02:59:59.000Z,6.02,99.98,18.862
2017-06-22T02:49:59.000Z,6.02,99.98,18.932
2018-01-15T02:59:59.000Z,6.02,99.98,19.018
2020-10-12T03:00:00.000Z,6.02,99.98,19.112
2017-07-23T02:04:59.000Z,6.02,99.98,19.614
2019-09-27T02:29:59.000Z,6.02,99.98,19.68
2016-12-06T02:54:59.000Z,6.02,99.98,19.974
2018-06-25T02:49:59.000Z,6.02,99.98,19.986
2020-10-14T02:55:00.000Z,6.02,99.98,20.01
2018-07-10T02:10:00.000Z,6.02,99.98,20.084
2018-04-30T02:59:59.000Z,6.02,99.98,20.136
2019-07-15T02:59:59.000Z,6.02,99.98,20.23
2019-11-06T02:49:59.000Z,6.02,99.98,20.558
2015-11-28T02:09:59.000Z,6.02,99.98,20.592
2018-01-04T02:10:00.000Z,6.02,99.98,20.766
2020-10-23T02:49:59.000Z,6.02,99.98,20.768
2018-10-13T02:35:00.000Z,6.02,99.98,20.986
2019-10-07T02:39:59.000Z,6.02,99.98,20.988
2016-12-24T02:44:59.000Z,6.02,99.98,21.446
2019-08-25T02:54:59.000Z,6.02,99.98,21.48
2018-11-08T02:59:59.000Z,6.02,99.98,21.656
2016-12-14T02:15:00.000Z,6.02,99.98,21.83
2020-10-16T02:44:59.000Z,6.02,99.98,21.896
2016-07-07T02:39:59.000Z,6.02,99.98,22.044
2015-12-09T03:00:00.000Z,6.02,99.98,22.354
2020-09-19T02:59:59.000Z,6.02,99.98,22.404
2016-09-01T02:55:00.000Z,6.02,99.98,22.42
2017-11-28T03:00:00.000Z,6.02,99.98,22.568
2017-09-15T02:40:00.000Z,6.02,99.98,22.766
2020-06-13T02:10:00.000Z,6.02,99.98,22.774
2019-03-26T02:39:59.000Z,6.02,99.98,22.792
2016-06-29T02:54:59.000Z,6.02,99.98,22.878
2018-01-02T02:14:59.000Z,6.02,99.98,22.924
2019-06-06T02:54:59.000Z,6.02,99.98,23.278
2016-05-20T02:39:59.000Z,6.02,99.98,23.384
2016-06-30T02:29:59.000Z,6.02,99.98,23.436
2017-06-25T02:50:00.000Z,6.02,99.98,23.502
2017-06-24T02:39:59.000Z,6.02,99.98,23.592
2018-05-25T03:00:00.000Z,6.02,99.98,23.598
2019-11-11T02:59:59.000Z,6.02,99.98,24.202
2020-09-21T02:49:59.000Z,6.02,99.98,24.326
2016-07-13T03:00:00.000Z,6.02,99.98,24.486
2018-06-12T02:49:59.000Z,6.02,99.98,24.488
2017-12-23T02:59:59.000Z,6.02,99.98,24.652
2020-08-13T02:45:00.000Z,6.02,99.98,24.748
2016-10-17T02:59:59.000Z,6.02,99.98,25.148
2018-05-17T02:44:59.000Z,6.02,99.98,25.152
2019-12-15T02:54:59.000Z,6.02,99.98,25.288
2020-05-18T02:39:59.000Z,6.02,99.98,25.296
2016-05-23T02:40:00.000Z,6.02,99.98,25.312
2017-10-04T03:00:00.000Z,6.02,99.98,25.426
2017-05-13T03:00:00.000Z,6.02,99.98,25.448
2019-06-07T02:29:59.000Z,6.02,99.98,25.496
2020-05-15T02:39:59.000Z,6.02,99.98,25.558
2018-06-17T02:59:59.000Z,6.02,99.98,25.672
2020-10-09T02:39:59.000Z,6.02,99.98,25.764
2017-01-08T02:09:59.000Z,6.02,99.98,25.79
2018-06-19T02:54:59.000Z,6.02,99.98,25.924
2019-07-26T02:44:59.000Z,6.02,99.98,25.95
2018-08-23T02:34:59.000Z,6.02,99.98,25.952
2020-07-12T02:45:00.000Z,6.02,99.98,26.104
2017-12-24T02:20:00.000Z,6.02,99.98,26.196
2016-01-18T02:30:00.000Z,6.02,99.98,26.226
2017-09-30T02:24:59.000Z,6.02,99.98,26.276
2018-09-09T02:44:59.000Z,6.02,99.98,26.886
2017-08-24T02:59:59.000Z,6.02,99.98,27.004
2018-10-25T02:54:59.000Z,6.02,99.98,27.178
2019-10-19T03:00:00.000Z,6.02,99.98,27.18
2017-08-27T02:39:59.000Z,6.02,99.98,27.192
2017-11-12T02:59:59.000Z,6.02,99.98,27.35
2019-06-27T02:09:59.000Z,6.02,99.98,27.502
2018-04-11T02:39:59.000Z,6.02,99.98,27.616
2020-07-14T02:59:59.000Z,6.02,99.98,27.852
2020-10-03T02:59:59.000Z,6.02,99.98,27.944
2017-08-13T02:24:59.000Z,6.02,99.98,28
2018-01-14T02:34:59.000Z,6.02,99.98,28.014
2017-11-09T02:44:59.000Z,6.02,99.98,28.032
2017-12-02T02:50:00.000Z,6.02,99.98,28.114
2018-11-27T02:09:59.000Z,6.02,99.98,28.23
2018-05-01T02:44:58.000Z,6.02,99.98,28.578
2018-12-06T02:10:00.000Z,6.02,99.98,28.582
2017-03-28T02:54:59.000Z,6.02,99.98,28.636
2016-12-01T02:40:00.000Z,6.02,99.98,28.706
2017-10-29T02:59:59.000Z,6.02,99.98,28.898
2019-12-17T02:44:59.000Z,6.02,99.98,28.918
2016-09-22T02:59:59.000Z,6.02,99.98,29.338
2020-07-31T02:09:59.000Z,6.02,99.98,29.358
2020-10-15T02:30:00.000Z,6.02,99.98,29.44
2018-08-17T02:39:59.000Z,6.02,99.98,29.518
2018-07-22T02:34:59.000Z,6.02,99.98,29.576
2019-11-02T03:00:00.000Z,6.02,99.98,29.676
2019-11-29T02:55:00.000Z,6.02,99.98,29.726
2019-12-19T02:34:59.000Z,6.02,99.98,29.732
2017-07-17T02:45:00.000Z,6.02,99.98,29.888
2016-05-28T02:54:59.000Z,6.02,99.98,29.956
2017-05-23T02:39:59.000Z,6.02,99.98,30.014
2019-06-20T02:59:59.000Z,6.02,99.98,30.016
2020-07-04T02:24:59.000Z,6.02,99.98,30.14
2019-10-29T02:10:00.000Z,6.02,99.98,30.236
2017-05-16T02:29:59.000Z,6.02,99.98,30.324
2020-07-02T02:40:00.000Z,6.02,99.98,30.468
2019-07-06T02:59:59.000Z,6.02,99.98,30.498
2016-12-04T03:00:00.000Z,6.02,99.98,30.606
2017-01-24T02:09:59.000Z,6.02,99.98,30.748
2016-06-28T02:45:00.000Z,6.02,99.98,30.796
2020-05-27T02:59:59.000Z,6.02,99.98,30.846
2020-04-15T02:25:00.000Z,6.02,99.98,30.868
2017-05-28T02:54:59.000Z,6.02,99.98,31.04
2016-10-04T02:30:00.000Z,6.02,99.98,31.084
2020-07-08T02:59:59.000Z,6.02,99.98,31.094
2020-08-15T02:59:59.000Z,6.02,99.98,31.23
2018-06-02T02:44:59.000Z,6.02,99.98,31.504
2018-07-02T02:55:00.000Z,6.02,99.98,31.586
2019-09-02T02:39:59.000Z,6.02,99.98,31.718
2019-09-02T02:39:59.000Z,6.02,99.98,31.718
2019-09-02T02:39:59.000Z,6.02,99.98,31.752
2017-08-17T03:00:00.000Z,6.02,99.98,31.85
2020-10-24T02:10:00.000Z,6.02,99.98,31.876
2020-02-12T02:40:00.000Z,6.02,99.98,31.88
2016-10-27T02:14:59.000Z,6.02,99.98,31.91
2017-05-29T02:59:59.000Z,6.02,99.98,32.004
2017-12-09T02:54:59.000Z,6.02,99.98,32.18
2017-07-28T02:24:59.000Z,6.02,99.98,32.224
2015-12-15T02:39:59.000Z,6.02,99.98,32.242
2017-08-01T03:00:00.000Z,6.02,99.98,32.244
2017-08-14T02:40:00.000Z,6.02,99.98,32.254
2016-08-08T02:39:59.000Z,6.02,99.98,32.27
2020-09-28T02:55:00.000Z,6.02,99.98,32.352
2017-08-05T02:44:59.000Z,6.02,99.98,32.508
2019-01-28T02:20:00.000Z,6.02,99.98,32.59
2018-12-07T02:39:59.000Z,6.02,99.98,32.676
2018-10-16T03:00:00.000Z,6.02,99.98,32.762
2020-06-18T02:24:59.000Z,6.02,99.98,32.778
2019-06-05T02:45:00.000Z,6.02,99.98,32.794
2017-02-23T02:19:59.000Z,6.02,99.98,32.838
2017-08-08T02:59:59.000Z,6.02,99.98,32.906
2020-02-11T02:10:00.000Z,6.02,99.98,32.918
2016-12-27T03:00:00.000Z,6.02,99.98,32.978
2019-09-20T02:25:00.000Z,6.02,99.98,33.01
2016-06-27T02:59:58.000Z,6.02,99.98,33.236
2017-06-01T02:29:59.000Z,6.02,99.98,33.248
2017-09-21T02:30:00.000Z,6.02,99.98,33.266
2017-03-01T02:59:59.000Z,6.02,99.98,33.294
2016-06-20T02:59:59.000Z,6.02,99.98,33.454
2017-12-01T02:14:59.000Z,6.02,99.98,33.662
2019-06-10T03:00:00.000Z,6.02,99.98,33.68
2019-12-03T02:34:59.000Z,6.02,99.98,33.696
2018-07-25T02:59:59.000Z,6.02,99.98,33.702
2016-10-10T02:59:59.000Z,6.02,99.98,33.832
2016-11-02T03:00:00.000Z,6.02,99.98,33.894
2017-01-22T02:19:59.000Z,6.02,99.98,33.93
2018-12-14T02:44:59.000Z,6.02,99.98,33.986
2020-07-11T02:29:59.000Z,6.02,99.98,34.044
2017-06-07T02:59:59.000Z,6.02,99.98,34.052
2018-07-29T02:40:00.000Z,6.02,99.98,34.108
2018-08-11T02:10:00.000Z,6.02,99.98,34.206
2020-06-29T02:10:00.000Z,6.02,99.98,34.212
2016-02-05T02:19:59.000Z,6.02,99.98,34.244
2019-01-23T02:09:59.000Z,6.02,99.98,34.376
2018-11-11T02:10:00.000Z,6.02,99.98,34.408
2016-08-14T03:00:00.000Z,6.02,99.98,34.57
2017-03-17T02:59:59.000Z,6.02,99.98,34.97
2018-06-20T02:34:59.000Z,6.02,99.98,34.988
2018-06-21T02:44:59.000Z,6.02,99.98,35.002
2020-05-17T02:25:00.000Z,6.02,99.98,35.012
2017-03-21T02:50:00.000Z,6.02,99.98,35.018
2017-10-14T02:15:00.000Z,6.02,99.98,35.144
2017-08-10T02:59:59.000Z,6.02,99.98,35.186
2017-01-07T02:55:00.000Z,6.02,99.98,35.26
2019-01-17T02:35:00.000Z,6.02,99.98,35.282
2020-06-17T02:49:59.000Z,6.02,99.98,35.33
2015-11-25T03:00:00.000Z,6.02,99.98,35.384
2019-11-07T02:09:59.000Z,6.02,99.98,35.394
2020-08-03T02:40:00.000Z,6.02,99.98,35.424
2019-11-23T02:09:59.000Z,6.02,99.98,35.464
2019-06-21T02:45:00.000Z,6.02,99.98,35.526
2020-11-10T02:39:59.000Z,6.02,99.98,35.54
2019-07-03T02:40:00.000Z,6.02,99.98,35.626
2018-08-10T02:59:59.000Z,6.02,99.98,35.644
2020-05-12T02:10:00.000Z,6.02,99.98,35.738
2018-10-30T03:00:00.000Z,6.02,99.98,35.886
2016-11-19T02:19:59.000Z,6.02,99.98,35.982
2019-07-16T02:39:59.000Z,6.02,99.98,36.124
2017-01-28T02:59:59.000Z,6.02,99.98,36.216
2019-06-28T02:49:59.000Z,6.02,99.98,36.216
2019-01-07T02:09:59.000Z,6.02,99.98,36.286
2017-12-26T02:09:59.000Z,6.02,99.98,36.294
2018-07-28T03:00:00.000Z,6.02,99.98,36.36
2017-04-27T03:00:00.000Z,6.02,99.98,36.364
2019-05-21T02:55:00.000Z,6.02,99.98,36.42
2017-01-06T02:20:00.000Z,6.02,99.98,36.506
2016-11-21T02:09:59.000Z,6.02,99.98,36.608
2017-06-27T02:40:00.000Z,6.02,99.98,36.946
2020-08-05T02:24:59.000Z,6.02,99.98,37.036
2019-05-13T02:39:59.000Z,6.02,99.98,37.086
2019-12-09T02:10:00.000Z,6.02,99.98,37.118
2017-07-26T02:39:59.000Z,6.02,99.98,37.124
2016-11-13T02:49:59.000Z,6.02,99.98,37.138
2017-11-07T02:54:59.000Z,6.02,99.98,37.334
2016-02-10T02:34:59.000Z,6.02,99.98,37.39
2020-11-04T02:59:59.000Z,6.02,99.98,37.462
2017-01-25T02:44:59.000Z,6.02,99.98,37.502
2018-07-21T02:54:59.000Z,6.02,99.98,37.558
2016-07-21T02:49:59.000Z,6.02,99.98,37.612
2018-06-04T02:34:59.000Z,6.02,99.98,37.706
2016-05-30T02:44:59.000Z,6.02,99.98,37.768
2019-08-10T02:29:59.000Z,6.02,99.98,37.772
2018-07-12T03:00:00.000Z,6.02,99.98,37.824
2018-05-18T02:54:59.000Z,6.02,99.98,38.024
2020-07-05T02:39:59.000Z,6.02,99.98,38.32
2020-05-11T02:59:59.000Z,6.02,99.98,38.358
2017-06-21T02:04:59.000Z,6.02,99.98,38.382
2017-04-28T02:45:00.000Z,6.02,99.98,38.572
2019-08-16T02:59:59.000Z,6.02,99.98,38.616
2018-08-29T03:00:00.000Z,6.02,99.98,38.656
2019-05-19T03:00:00.000Z,6.02,99.98,38.662
2017-12-30T02:59:59.000Z,6.02,99.98,38.68
2020-06-28T02:59:59.000Z,6.02,99.98,38.696
2016-02-07T02:09:59.000Z,6.02,99.98,38.724
2020-06-08T02:54:59.000Z,6.02,99.98,38.768
2016-01-15T02:10:00.000Z,6.02,99.98,38.798
2018-07-31T02:25:00.000Z,6.02,99.98,38.878
2015-12-02T02:59:59.000Z,6.02,99.98,39
2018-12-17T02:59:59.000Z,6.02,99.98,39.094
2018-01-01T02:59:59.000Z,6.02,99.98,39.152
2018-12-19T02:59:59.000Z,6.02,99.98,39.27
2018-06-01T02:59:59.000Z,6.02,99.98,39.296
2016-09-18T02:30:00.000Z,6.02,99.98,39.352
2017-08-03T02:54:59.000Z,6.02,99.98,39.388
2019-04-28T02:49:59.000Z,6.02,99.98,39.46
2018-11-30T02:34:59.000Z,6.02,99.98,39.632
2017-07-09T02:59:59.000Z,6.02,99.98,39.756
2016-07-30T02:44:59.000Z,6.02,99.98,40.004
2018-01-21T02:40:00.000Z,6.02,99.98,40.124
2018-12-16T02:34:59.000Z,6.02,99.98,40.14
2016-08-27T02:39:59.000Z,6.02,99.98,40.258
2018-05-27T02:50:00.000Z,6.02,99.98,40.26
2017-08-04T02:30:00.000Z,6.02,99.98,40.286
2019-11-27T03:00:00.000Z,6.02,99.98,40.29
2017-09-20T02:55:00.000Z,6.02,99.98,40.402
2018-09-18T02:39:59.000Z,6.02,99.98,40.434
2018-01-03T02:49:59.000Z,6.02,99.98,40.442
2017-10-17T02:40:00.000Z,6.02,99.98,40.54
2017-04-08T02:40:00.000Z,6.02,99.98,40.62
2017-02-03T02:40:00.000Z,6.02,99.98,40.626
2016-10-21T02:39:59.000Z,6.02,99.98,40.648
2020-05-02T02:39:59.000Z,6.02,99.98,40.648
2020-02-19T02:44:59.000Z,6.02,99.98,40.654
2018-06-08T02:10:00.000Z,6.02,99.98,40.668
2020-05-30T03:00:00.000Z,6.02,99.98,40.856
2016-11-14T02:10:00.000Z,6.02,99.98,40.95
2015-12-29T02:49:59.000Z,6.02,99.98,41.148
2018-12-12T02:55:00.000Z,6.02,99.98,41.15
2016-07-25T02:24:59.000Z,6.02,99.98,41.2
2018-11-03T02:49:59.000Z,6.02,99.98,41.25
2018-12-04T02:14:59.000Z,6.02,99.98,41.25
2015-11-12T02:09:59.000Z,6.02,99.98,41.438
2018-06-05T02:44:59.000Z,6.02,99.98,41.546
2018-06-07T02:59:59.000Z,6.02,99.98,41.548
2017-12-07T02:59:59.000Z,6.02,99.98,41.572
2020-10-25T02:40:00.000Z,6.02,99.98,41.588
2016-12-30T02:14:59.000Z,6.02,99.98,41.642
2020-04-10T02:59:59.000Z,6.02,99.98,41.678
2018-03-13T02:59:59.000Z,6.02,99.98,41.688
2015-11-22T02:35:00.000Z,6.02,99.98,41.738
2018-10-03T02:25:00.000Z,6.02,99.98,41.832
2016-12-10T02:34:59.000Z,6.02,99.98,41.84
2019-01-02T02:59:59.000Z,6.02,99.98,41.954
2017-02-12T02:34:59.000Z,6.02,99.98,41.99
2018-12-10T03:00:00.000Z,6.02,99.98,42.016
2018-05-26T02:39:59.000Z,6.02,99.98,42.022
2016-11-06T02:44:59.000Z,6.02,99.98,42.176
2019-07-14T02:49:59.000Z,6.02,99.98,42.186
2018-11-01T03:00:00.000Z,6.02,99.98,42.196
2020-09-26T03:00:00.000Z,6.02,99.98,42.258
2015-12-27T02:59:59.000Z,6.02,99.98,42.442
2016-05-21T02:50:00.000Z,6.02,99.98,42.488
2017-09-18T03:00:00.000Z,6.02,99.98,42.494
2017-05-25T02:25:00.000Z,6.02,99.98,42.646
2017-06-15T02:45:00.000Z,6.02,99.98,42.734
2017-04-05T02:39:59.000Z,6.02,99.98,42.744
2018-12-13T02:09:59.000Z,6.02,99.98,42.802
2019-01-27T02:59:59.000Z,6.02,99.98,42.908
2018-12-28T02:54:59.000Z,6.02,99.98,42.914
2020-09-29T02:30:00.000Z,6.02,99.98,42.94
2018-12-26T02:59:59.000Z,6.02,99.98,43.032
2018-07-15T02:24:59.000Z,6.02,99.98,43.036
2017-01-12T02:59:59.000Z,6.02,99.98,43.05
2015-12-25T02:59:59.000Z,6.02,99.98,43.094
2020-06-07T02:44:59.000Z,6.02,99.98,43.178
2016-01-31T02:10:00.000Z,6.02,99.98,43.304
2018-01-26T02:54:59.000Z,6.02,99.98,43.308
2020-06-16T02:40:00.000Z,6.02,99.98,43.312
2020-02-03T02:44:59.000Z,6.02,99.98,43.318
2019-06-24T02:44:59.000Z,6.02,99.98,43.346
2019-02-21T02:59:59.000Z,6.02,99.98,43.406
2017-06-05T02:09:59.000Z,6.02,99.98,43.464
2019-06-13T02:59:59.000Z,6.02,99.98,43.468
2020-11-08T02:50:00.000Z,6.02,99.98,43.49
2017-10-15T02:49:59.000Z,6.02,99.98,43.554
2020-01-22T02:24:59.000Z,6.02,99.98,43.596
2016-08-10T02:24:59.000Z,6.02,99.98,43.626
2017-08-28T02:49:59.000Z,6.02,99.98,43.696
2019-01-30T02:10:00.000Z,6.02,99.98,43.792
2019-01-29T02:54:59.000Z,6.02,99.98,43.816
2016-05-01T02:09:59.000Z,6.02,99.98,43.822
2015-12-10T02:24:59.000Z,6.02,99.98,43.838
2017-07-16T02:59:58.000Z,6.02,99.98,43.856
2016-05-17T02:09:59.000Z,6.02,99.98,43.928
2019-01-14T02:10:00.000Z,6.02,99.98,43.996
2016-05-26T02:59:59.000Z,6.02,99.98,44.032
2020-02-08T02:59:59.000Z,6.02,99.98,44.038
2017-01-21T03:00:00.000Z,6.02,99.98,44.112
2018-06-27T02:40:00.000Z,6.02,99.98,44.146
2018-11-12T02:45:00.000Z,6.02,99.98,44.154
2017-11-08T02:09:59.000Z,6.02,99.98,44.226
2018-01-05T02:39:59.000Z,6.02,99.98,44.232
2016-08-23T02:59:59.000Z,6.02,99.98,44.256
2016-12-19T02:29:59.000Z,6.02,99.98,44.266
2016-12-28T02:25:00.000Z,6.02,99.98,44.306
2020-10-19T02:59:59.000Z,6.02,99.98,44.312
2020-08-16T02:59:59.000Z,6.02,99.98,44.32
2017-07-29T02:40:00.000Z,6.02,99.98,44.322
2018-09-14T03:00:00.000Z,6.02,99.98,44.332
2017-05-31T02:54:59.000Z,6.02,99.98,44.35
2018-11-16T02:24:59.000Z,6.02,99.98,44.376
2018-11-20T02:09:59.000Z,6.02,99.98,44.418
2017-01-05T03:00:00.000Z,6.02,99.98,44.458
2017-07-07T02:04:59.000Z,6.02,99.98,44.466
2017-06-14T02:59:59.000Z,6.02,99.98,44.5
2016-02-20T02:59:59.000Z,6.02,99.98,44.534
2018-09-07T02:54:59.000Z,6.02,99.98,44.536
2016-11-24T02:34:59.000Z,6.02,99.98,44.572
2015-12-24T02:34:59.000Z,6.02,99.98,44.65
2016-08-07T02:59:59.000Z,6.02,99.98,44.666
2016-05-14T02:44:59.000Z,6.02,99.98,44.69
2020-10-22T02:15:00.000Z,6.02,99.98,44.754
2016-01-16T02:40:00.000Z,6.02,99.98,44.82
2016-07-15T02:54:59.000Z,6.02,99.98,44.88
2018-07-11T02:49:59.000Z,6.02,99.98,44.888
2020-08-11T02:54:59.000Z,6.02,99.98,44.9
2019-10-10T02:59:59.000Z,6.02,99.98,44.93
2016-11-28T02:15:00.000Z,6.02,99.98,44.944
2016-06-04T02:59:59.000Z,6.02,99.98,44.962
2018-11-17T02:59:59.000Z,6.02,99.98,44.97
2018-05-16T02:59:59.000Z,6.02,99.98,45.028
2016-06-19T02:49:59.000Z,6.02,99.98,45.054
2017-01-04T02:30:00.000Z,6.02,99.98,45.062
2019-04-29T02:24:59.000Z,6.02,99.98,45.122
2015-11-26T02:14:59.000Z,6.02,99.98,45.28
2020-06-09T02:29:59.000Z,6.02,99.98,45.316
2019-03-03T02:30:00.000Z,6.02,99.98,45.326
2020-09-13T02:30:00.000Z,6.02,99.98,45.426
2018-09-21T02:59:59.000Z,6.02,99.98,45.444
2018-01-27T02:09:59.000Z,6.02,99.98,45.482
2016-11-12T02:15:00.000Z,6.02,99.98,45.498
2016-10-19T02:55:00.000Z,6.02,99.98,45.506
2017-10-01T02:40:00.000Z,6.02,99.98,45.526
2016-12-05T02:19:59.000Z,6.02,99.98,45.53
2016-05-07T02:40:00.000Z,6.02,99.98,45.566
2018-09-06T02:44:59.000Z,6.02,99.98,45.574
2016-05-16T02:59:59.000Z,6.02,99.98,45.602
2018-12-27T02:19:59.000Z,6.02,99.98,45.624
2017-09-12T02:39:59.000Z,6.02,99.98,45.672
2017-04-04T02:59:59.000Z,6.02,99.98,45.72
2019-01-18T03:00:00.000Z,6.02,99.98,45.77
2019-11-30T02:09:59.000Z,6.02,99.98,45.858
2018-08-24T02:44:59.000Z,6.02,99.98,45.87
2018-12-05T02:49:59.000Z,6.02,99.98,46.1
2016-09-27T02:24:59.000Z,6.02,99.98,46.156
2019-10-25T02:29:59.000Z,6.02,99.98,46.156
2016-12-31T02:50:00.000Z,6.02,99.98,46.162
2016-08-01T02:29:58.000Z,6.02,99.98,46.226
2017-07-08T02:49:59.000Z,6.02,99.98,46.282
2017-07-20T02:44:59.000Z,6.02,99.98,46.304
2018-12-03T02:59:59.000Z,6.02,99.98,46.304
2017-12-06T02:29:59.000Z,6.02,99.98,46.31
2018-11-19T02:49:59.000Z,6.02,99.98,46.31
2019-04-11T02:39:59.000Z,6.02,99.98,46.366
2018-06-03T02:54:59.000Z,6.02,99.98,46.378
2016-08-16T02:55:00.000Z,6.02,99.98,46.418
2016-08-18T02:44:59.000Z,6.02,99.98,46.424
2018-09-08T02:34:59.000Z,6.02,99.98,46.458
2016-05-03T02:59:59.000Z,6.02,99.98,46.536
2019-04-12T02:49:59.000Z,6.02,99.98,46.554
2016-10-26T02:59:59.000Z,6.02,99.98,46.58
2020-06-02T02:24:59.000Z,6.02,99.98,46.616
2019-11-05T02:14:59.000Z,6.02,99.98,46.66
2017-08-19T02:55:00.000Z,6.02,99.98,46.666
2019-07-10T02:44:59.000Z,6.02,99.98,46.698
2016-05-29T02:29:59.000Z,6.02,99.98,46.782
2016-10-01T02:59:59.000Z,6.02,99.98,46.79
2018-01-20T02:10:00.000Z,6.02,99.98,46.818
2019-05-30T02:49:59.000Z,6.02,99.98,46.84
2019-06-12T02:49:59.000Z,6.02,99.98,46.896
2016-08-11T02:40:00.000Z,6.02,99.98,46.898
2019-01-13T02:54:59.000Z,6.02,99.98,46.92
2018-10-07T02:59:59.000Z,6.02,99.98,46.938
2016-04-08T02:59:59.000Z,6.02,99.98,46.968
2019-10-06T02:25:00.000Z,6.02,99.98,46.972
2015-11-13T02:39:58.000Z,6.02,99.98,47.004
2016-02-08T02:44:59.000Z,6.02,99.98,47.006
2019-06-17T02:40:00.000Z,6.02,99.98,47.014
2016-12-17T02:39:59.000Z,6.02,99.98,47.02
2016-07-08T02:49:59.000Z,6.02,99.98,47.042
2015-12-14T02:09:59.000Z,6.02,99.98,47.088
2018-11-14T02:35:00.000Z,6.02,99.98,47.13
2018-07-06T02:34:59.000Z,6.02,99.98,47.132
2016-11-25T02:59:59.000Z,6.02,99.98,47.152
2016-06-08T02:40:00.000Z,6.02,99.98,47.182
2020-06-06T02:59:59.000Z,6.02,99.98,47.21
2020-11-03T02:34:59.000Z,6.02,99.98,47.232
2019-12-04T02:59:59.000Z,6.02,99.98,47.276
2016-06-13T02:54:59.000Z,6.02,99.98,47.278
2015-12-26T02:24:59.000Z,6.02,99.98,47.286
2018-12-20T02:15:00.000Z,6.02,99.98,47.314
2016-05-27T02:45:00.000Z,6.02,99.98,47.344
2020-05-31T02:40:00.000Z,6.02,99.98,47.352
2016-06-23T02:25:00.000Z,6.02,99.98,47.37
2016-06-17T02:59:59.000Z,6.02,99.98,47.388
2017-08-21T02:44:59.000Z,6.02,99.98,47.398
2017-07-02T02:54:59.000Z,6.02,99.98,47.402
2016-08-17T02:30:00.000Z,6.02,99.98,47.41
2020-10-07T02:49:59.000Z,6.02,99.98,47.42
2017-10-11T02:59:59.000Z,6.02,99.98,47.432
2017-12-15T02:24:59.000Z,6.02,99.98,47.456
2018-10-01T02:35:00.000Z,6.02,99.98,47.482
2019-04-01T03:00:00.000Z,6.02,99.98,47.484
2019-01-03T02:25:00.000Z,6.02,99.98,47.53
2018-09-12T03:00:00.000Z,6.02,99.98,47.534
2017-01-31T02:15:00.000Z,6.02,99.98,47.596
2016-06-15T02:44:59.000Z,6.02,99.98,47.616
2017-06-08T02:39:59.000Z,6.02,99.98,47.638
2017-02-22T03:00:00.000Z,6.02,99.98,47.64
2019-10-20T02:14:59.000Z,6.02,99.98,47.648
2016-12-16T02:09:59.000Z,6.02,99.98,47.66
2018-01-10T02:55:00.000Z,6.02,99.98,47.662
2018-08-27T03:00:00.000Z,6.02,99.98,47.692
2016-05-12T02:54:59.000Z,6.02,99.98,47.732
2019-11-08T02:39:59.000Z,6.02,99.98,47.738
2020-01-08T02:14:59.000Z,6.02,99.98,47.738
2016-10-24T02:59:59.000Z,6.02,99.98,47.77
2018-07-19T02:59:59.000Z,6.02,99.98,47.792
2015-12-17T02:29:59.000Z,6.02,99.98,47.804
2020-05-25T02:44:59.000Z,6.02,99.98,47.82
2020-08-02T02:59:59.000Z,6.02,99.98,47.856
2017-10-27T02:59:59.000Z,6.02,99.98,47.858
2017-04-20T02:59:59.000Z,6.02,99.98,47.916
2016-06-22T02:50:00.000Z,6.02,99.98,47.932
2018-06-24T02:10:00.000Z,6.02,99.98,47.98
2015-12-06T02:44:59.000Z,6.02,99.98,47.982
2018-06-18T02:44:59.000Z,6.02,99.98,48.036
2017-05-24T02:50:00.000Z,6.02,99.98,48.09
2019-06-30T02:39:59.000Z,6.02,99.98,48.092
2018-10-29T02:35:00.000Z,6.02,99.98,48.106
2016-07-09T02:24:59.000Z,6.02,99.98,48.128
2016-09-19T02:39:59.000Z,6.02,99.98,48.266
2020-07-19T02:49:59.000Z,6.02,99.98,48.27
2019-12-12T02:29:59.000Z,6.02,99.98,48.286
2020-07-01T03:00:00.000Z,6.02,99.98,48.292
2019-08-07T02:59:59.000Z,6.02,99.98,48.3
2018-08-08T02:44:59.000Z,6.02,99.98,48.328
2019-12-29T02:59:59.000Z,6.02,99.98,48.33
2016-12-15T02:50:00.000Z,6.02,99.98,48.34
2019-06-08T02:44:59.000Z,6.02,99.98,48.34
2017-10-30T02:15:00.000Z,6.02,99.98,48.346
2017-11-22T02:19:59.000Z,6.02,99.98,48.374
2017-11-02T02:40:00.000Z,6.02,99.98,48.414
2016-08-31T02:44:59.000Z,6.02,99.98,48.416
2020-01-13T02:29:59.000Z,6.02,99.98,48.424
2017-01-23T02:54:58.000Z,6.02,99.98,48.43
2018-12-11T02:19:59.000Z,6.02,99.98,48.432
2017-10-08T02:44:59.000Z,6.02,99.98,48.476
2017-11-20T02:29:59.000Z,6.02,99.98,48.496
2016-01-03T03:00:00.000Z,6.02,99.98,48.52
2016-12-12T02:25:00.000Z,6.02,99.98,48.546
2017-11-25T02:44:59.000Z,6.02,99.98,48.548
2019-11-14T02:10:00.000Z,6.02,99.98,48.548
2016-10-12T02:49:59.000Z,6.02,99.98,48.564
2019-12-16T02:09:59.000Z,6.02,99.98,48.578
2017-12-10T02:10:00.000Z,6.02,99.98,48.584
2017-11-13T02:25:00.000Z,6.02,99.98,48.592
2020-11-06T02:59:59.000Z,6.02,99.98,48.636
2015-12-20T02:54:59.000Z,6.02,99.98,48.648
2019-07-25T02:29:59.000Z,6.02,99.98,48.74
2018-08-16T02:25:00.000Z,6.02,99.98,48.742
2019-10-13T02:29:59.000Z,6.02,99.98,48.744
2019-04-24T02:59:59.000Z,6.02,99.98,48.756
2016-11-17T02:30:00.000Z,6.02,99.98,48.762
2015-12-04T02:54:59.000Z,6.02,99.98,48.798
2018-04-15T02:45:00.000Z,6.02,99.98,48.798
2019-02-03T02:59:59.000Z,6.02,99.98,48.798
2017-09-24T03:00:00.000Z,6.02,99.98,48.804
2018-07-07T02:44:59.000Z,6.02,99.98,48.858
2016-12-22T02:54:59.000Z,6.02,99.98,48.914
2018-12-22T02:10:00.000Z,6.02,99.98,48.942
2019-04-08T02:59:59.000Z,6.02,99.98,48.952
2017-01-17T02:10:00.000Z,6.02,99.98,48.992
2020-08-06T02:39:59.000Z,6.02,99.98,49.014
2017-10-31T02:49:59.000Z,6.02,99.98,49.038
2020-05-14T03:00:00.000Z,6.02,99.98,49.082
2019-08-27T02:44:59.000Z,6.02,99.98,49.104
2017-09-28T02:39:59.000Z,6.02,99.98,49.106
2017-03-05T02:50:00.000Z,6.02,99.98,49.162
2020-01-02T02:44:59.000Z,6.02,99.98,49.172
2017-02-06T03:00:00.000Z,6.02,99.98,49.184
2019-05-29T02:39:59.000Z,6.02,99.98,49.208
2019-08-03T02:25:00.000Z,6.02,99.98,49.216
2018-06-13T02:24:59.000Z,6.02,99.98,49.226
2017-03-06T02:25:00.000Z,6.02,99.98,49.308
2020-09-06T02:24:59.000Z,6.02,99.98,49.31
2019-01-05T02:14:59.000Z,6.02,99.98,49.326
2019-12-14T02:19:59.000Z,6.02,99.98,49.342
2015-12-18T02:59:59.000Z,6.02,99.98,49.35
2019-07-13T02:09:59.000Z,6.02,99.98,49.352
2015-12-11T03:00:00.000Z,6.02,99.98,49.356
2015-12-22T02:45:00.000Z,6.02,99.98,49.376
2016-12-11T02:59:59.000Z,6.02,99.98,49.382
2016-12-23T02:10:00.000Z,6.02,99.98,49.382
2017-12-04T02:39:59.000Z,6.02,99.98,49.384
2015-12-19T02:20:00.000Z,6.02,99.98,49.388
2016-11-27T02:59:59.000Z,6.02,99.98,49.39
2016-12-29T03:00:00.000Z,6.02,99.98,49.398
2018-12-25T02:29:59.000Z,6.02,99.98,49.398
2020-07-18T02:40:00.000Z,6.02,99.98,49.4
2016-09-28T02:39:59.000Z,6.02,99.98,49.414
2016-06-14T02:29:59.000Z,6.02,99.98,49.444
2018-01-25T02:19:59.000Z,6.02,99.98,49.45
2018-11-28T02:45:00.000Z,6.02,99.98,49.478
2016-12-26T02:35:00.000Z,6.02,99.98,49.48
2015-12-12T02:14:59.000Z,6.02,99.98,49.486
2015-12-13T02:49:59.000Z,6.02,99.98,49.492
2016-01-05T02:55:00.000Z,6.02,99.98,49.506
2017-06-06T02:49:59.000Z,6.02,99.98,49.526
2015-12-28T02:14:59.000Z,6.02,99.98,49.552
2020-01-09T02:49:59.000Z,6.02,99.98,49.556
2016-01-04T02:20:00.000Z,6.02,99.98,49.594
2016-04-18T02:39:59.000Z,6.02,99.98,49.602
2016-12-08T02:44:59.000Z,6.02,99.98,49.608
2017-12-03T02:09:59.000Z,6.02,99.98,49.618
2015-12-31T02:39:59.000Z,6.02,99.98,49.628
2016-01-07T02:44:59.000Z,6.02,99.98,49.64
2018-11-18T02:14:59.000Z,6.02,99.98,49.682
2016-01-06T02:09:59.000Z,6.02,99.98,49.696
2016-11-15T02:40:00.000Z,6.02,99.98,49.706
2015-12-30T02:09:59.000Z,6.02,99.98,49.716
2015-12-08T02:35:00.000Z,6.02,99.98,49.738
2018-01-09T02:19:59.000Z,6.02,99.98,49.754
2019-10-23T02:39:59.000Z,6.02,99.98,49.796
2020-05-28T02:10:00.000Z,6.02,99.98,49.798
2020-01-04T02:35:00.000Z,6.02,99.98,49.868
2018-11-09T02:20:00.000Z,6.02,99.98,49.898
2016-02-12T02:25:00.000Z,6.02,99.98,49.9
2017-05-06T02:59:59.000Z,6.02,99.98,49.912
2019-02-04T02:24:59.000Z,6.02,99.98,49.914
2015-12-05T02:10:00.000Z,6.02,99.98,49.934
2016-01-09T02:34:59.000Z,6.02,99.98,49.944
2017-05-14T02:45:00.000Z,6.02,99.98,49.952
2015-11-20T02:44:59.000Z,6.02,99.98,49.958
2016-01-10T02:59:59.000Z,6.02,99.98,49.974
2017-08-23T03:00:00.000Z,6.02,99.98,49.974
2020-09-22T02:24:59.000Z,6.02,99.98,49.984
2017-03-29T02:35:00.000Z,6.02,99.98,49.99
2016-07-14T02:45:00.000Z,6.02,99.98,50.002
2018-01-23T02:29:59.000Z,6.02,99.98,50.014
2020-02-06T02:59:59.000Z,6.02,99.98,50.014
2017-05-22T02:59:59.000Z,6.02,99.98,50.026
2019-12-10T02:40:00.000Z,6.02,99.98,50.028
2016-07-01T02:44:59.000Z,6.02,99.98,50.04
2016-02-11T02:59:59.000Z,6.02,99.98,50.048
2016-01-11T02:24:59.000Z,6.02,99.98,50.106
2016-01-19T03:00:00.000Z,6.02,99.98,50.112
2017-01-14T02:59:59.000Z,6.02,99.98,50.114
2019-05-05T02:55:00.000Z,6.02,99.98,50.128
2016-01-12T02:59:59.000Z,6.02,99.98,50.136
2017-01-11T02:34:59.000Z,6.02,99.98,50.14
2018-12-21T02:50:00.000Z,6.02,99.98,50.174
2018-01-08T03:00:00.000Z,6.02,99.98,50.198
2016-06-07T02:25:00.000Z,6.02,99.98,50.202
2016-10-23T02:34:59.000Z,6.02,99.98,50.22
2019-12-20T02:59:59.000Z,6.02,99.98,50.226
2017-12-18T02:49:59.000Z,6.02,99.98,50.234
2017-11-24T02:09:59.000Z,6.02,99.98,50.244
2019-04-10T02:59:59.000Z,6.02,99.98,50.252
2017-07-24T02:49:59.000Z,6.02,99.98,50.278
2016-01-13T02:15:00.000Z,6.02,99.98,50.284
2019-06-16T02:25:00.000Z,6.02,99.98,50.286
2017-12-25T02:54:59.000Z,6.02,99.98,50.29
2019-12-23T02:15:00.000Z,6.02,99.98,50.292
2015-12-03T02:19:59.000Z,6.02,99.98,50.3
2016-08-21T02:59:59.000Z,6.02,99.98,50.304
2020-01-10T02:09:59.000Z,6.02,99.98,50.306
2019-12-24T02:50:00.000Z,6.02,99.98,50.318
2019-12-21T02:25:00.000Z,6.02,99.98,50.332
2016-03-23T02:59:59.000Z,6.02,99.98,50.338
2017-12-29T02:34:59.000Z,6.02,99.98,50.338
2017-12-20T01:25:00.000Z,6.02,99.98,50.342
2019-12-26T02:39:59.000Z,6.02,99.98,50.348
2016-08-09T02:49:59.000Z,6.02,99.98,50.35
2017-12-19T02:09:59.000Z,6.02,99.98,50.36
2019-12-22T02:59:59.000Z,6.02,99.98,50.362
2017-05-20T02:09:59.000Z,6.02,99.98,50.366
2017-12-27T02:45:00.000Z,6.02,99.98,50.368
2018-12-23T02:40:00.000Z,6.02,99.98,50.372
2015-11-16T02:59:59.000Z,6.02,99.98,50.378
2018-01-11T02:09:59.000Z,6.02,99.98,50.38
2016-01-14T02:49:59.000Z,6.02,99.98,50.39
2018-12-30T02:44:59.000Z,6.02,99.98,50.39
2017-12-11T02:45:00.000Z,6.02,99.98,50.394
2015-11-29T02:39:59.000Z,6.02,99.98,50.412
2017-01-13T02:24:59.000Z,6.02,99.98,50.432
2019-12-13T03:00:00.000Z,6.02,99.98,50.454
2018-12-29T02:09:59.000Z,6.02,99.98,50.458
2019-01-01T02:34:59.000Z,6.02,99.98,50.458
2019-12-31T02:54:59.000Z,6.02,99.98,50.46
2017-12-17T02:14:59.000Z,6.02,99.98,50.462
2016-05-13T02:34:59.000Z,6.02,99.98,50.464
2017-12-16T03:00:00.000Z,6.02,99.98,50.468
2019-12-30T02:19:59.000Z,6.02,99.98,50.476
2017-12-13T02:35:00.000Z,6.02,99.98,50.48
2018-01-07T02:30:00.000Z,6.02,99.98,50.49
2020-01-05T03:00:00.000Z,6.02,99.98,50.496
2016-11-29T02:49:59.000Z,6.02,99.98,50.506
2017-01-16T02:49:59.000Z,6.02,99.98,50.54
2018-04-05T02:59:59.000Z,6.02,99.98,50.54
2018-12-09T02:30:00.000Z,6.02,99.98,50.544
2019-12-28T02:29:59.000Z,6.02,99.98,50.548
2019-01-06T02:50:00.000Z,6.02,99.98,50.55
2019-05-27T02:49:59.000Z,6.02,99.98,50.556
2016-11-22T02:44:59.000Z,6.02,99.98,50.558
2019-12-25T02:09:59.000Z,6.02,99.98,50.56
2017-11-01T02:10:00.000Z,6.02,99.98,50.586
2017-12-14T03:00:00.000Z,6.02,99.98,50.586
2017-01-15T02:14:59.000Z,6.02,99.98,50.61
2017-10-22T02:54:58.000Z,6.02,99.98,50.61
2020-01-01T02:10:00.000Z,6.02,99.98,50.618
2020-09-17T02:59:59.000Z,6.02,99.98,50.632
2019-12-08T02:49:59.000Z,6.02,99.98,50.636
2017-12-08T02:19:59.000Z,6.02,99.98,50.646
2019-01-08T02:39:59.000Z,6.02,99.98,50.65
2020-01-17T02:10:00.000Z,6.02,99.98,50.67
2020-09-14T02:45:00.000Z,6.02,99.98,50.682
2019-04-18T02:44:59.000Z,6.02,99.98,50.684
2017-02-15T02:59:59.000Z,6.02,99.98,50.702
2019-01-22T02:49:59.000Z,6.02,99.98,50.704
2017-01-18T02:40:00.000Z,6.02,99.98,50.706
2020-01-07T03:00:00.000Z,6.02,99.98,50.706
2019-01-19T02:24:59.000Z,6.02,99.98,50.708
2020-01-06T02:24:59.000Z,6.02,99.98,50.718
2017-06-26T02:25:00.000Z,6.02,99.98,50.74
2019-05-31T02:24:59.000Z,6.02,99.98,50.742
2019-07-02T02:25:00.000Z,6.02,99.98,50.762
2015-11-27T02:50:00.000Z,6.02,99.98,50.802
2017-10-28T02:24:59.000Z,6.02,99.98,50.802
2017-02-02T02:10:00.000Z,6.02,99.98,50.804
2018-03-24T02:50:00.000Z,6.02,99.98,50.86
2019-09-18T02:39:59.000Z,6.02,99.98,50.87
2018-07-20T02:44:59.000Z,6.02,99.98,50.878
2020-05-05T02:59:59.000Z,6.02,99.98,50.918
2016-01-21T02:55:00.000Z,6.02,99.98,50.92
2018-05-12T02:25:00.000Z,6.02,99.98,50.928
2016-01-20T02:19:59.000Z,6.02,99.98,50.94
2016-11-26T02:24:59.000Z,6.02,99.98,50.948
2018-02-21T02:25:00.000Z,6.02,99.98,50.952
2020-10-02T03:00:00.000Z,6.02,99.98,50.97
2019-01-10T02:29:59.000Z,6.02,99.98,50.978
2019-06-01T02:40:00.000Z,6.02,99.98,50.978
2015-11-17T02:19:59.000Z,6.02,99.98,50.984
2018-03-29T02:59:59.000Z,6.02,99.98,51.032
2018-11-10T02:54:59.000Z,6.02,99.98,51.034
2019-01-11T02:59:59.000Z,6.02,99.98,51.046
2018-06-28T02:49:59.000Z,6.02,99.98,51.068
2019-12-07T02:15:00.000Z,6.02,99.98,51.088
2015-11-24T02:25:00.000Z,6.02,99.98,51.094
2019-09-05T02:40:00.000Z,6.02,99.98,51.096
2020-02-01T02:55:00.000Z,6.02,99.98,51.098
2020-01-11T02:39:59.000Z,6.02,99.98,51.114
2019-12-06T02:59:59.000Z,6.02,99.98,51.116
2016-11-09T02:59:59.000Z,6.02,99.98,51.13
2016-01-23T02:44:59.000Z,6.02,99.98,51.134
2019-11-28T02:20:00.000Z,6.02,99.98,51.158
2016-01-26T02:59:59.000Z,6.02,99.98,51.174
2019-09-24T02:59:59.000Z,6.02,99.98,51.174
2019-01-12T02:19:59.000Z,6.02,99.98,51.192
2016-01-22T02:09:59.000Z,6.02,99.98,51.216
2016-10-13T02:24:59.000Z,6.02,99.98,51.23
2020-10-30T02:54:59.000Z,6.02,99.98,51.256
2019-01-15T02:44:59.000Z,6.02,99.98,51.276
2017-05-07T02:39:59.000Z,6.02,99.98,51.284
2020-01-21T02:59:59.000Z,6.02,99.98,51.32
2018-01-24T03:00:00.000Z,6.02,99.98,51.332
2018-05-19T02:34:59.000Z,6.02,99.98,51.342
2019-02-16T02:45:00.000Z,6.02,99.98,51.352
2018-11-02T02:14:59.000Z,6.02,99.98,51.356
2016-08-26T02:24:59.000Z,6.02,99.98,51.37
2016-11-20T02:55:00.000Z,6.02,99.98,51.376
2020-01-14T02:59:59.000Z,6.02,99.98,51.378
2018-12-01T02:59:59.000Z,6.02,99.98,51.406
2018-12-02T02:24:59.000Z,6.02,99.98,51.432
2019-07-22T02:59:59.000Z,6.02,99.98,51.434
2020-01-15T02:20:00.000Z,6.02,99.98,51.48
2019-04-27T02:39:59.000Z,6.02,99.98,51.498
2015-11-19T02:09:59.000Z,6.02,99.98,51.536
2015-11-18T02:54:59.000Z,6.02,99.98,51.558
2020-01-16T02:54:59.000Z,6.02,99.98,51.59
2020-01-30T03:00:00.000Z,6.02,99.98,51.598
2020-01-18T02:45:00.000Z,6.02,99.98,51.624
2018-01-17T02:59:59.000Z,6.02,99.98,51.63
2019-09-11T02:29:59.000Z,6.02,99.98,51.676
2016-01-29T02:15:00.000Z,6.02,99.98,51.702
2016-11-18T03:00:00.000Z,6.02,99.98,51.704
2018-11-26T02:55:00.000Z,6.02,99.98,51.712
2017-07-22T03:00:00.000Z,6.02,99.98,51.716
2018-01-18T02:15:00.000Z,6.02,99.98,51.756
2016-01-28T02:59:59.000Z,6.02,99.98,51.768
2019-01-20T03:00:00.000Z,6.02,99.98,51.78
2017-01-27T02:34:59.000Z,6.02,99.98,51.79
2020-01-20T02:34:59.000Z,6.02,99.98,51.824
2019-09-01T02:59:59.000Z,6.02,99.98,51.83
2018-01-19T02:49:59.000Z,6.02,99.98,51.832
2019-08-01T02:39:59.000Z,6.02,99.98,51.844
2020-07-23T02:54:59.000Z,6.02,99.98,51.87
2018-10-20T02:39:59.000Z,6.02,99.98,51.878
2017-08-12T02:49:59.000Z,6.02,99.98,51.884
2017-11-14T02:59:59.000Z,6.02,99.98,51.896
2016-07-06T02:59:59.000Z,6.02,99.98,51.9
2016-01-30T02:49:59.000Z,6.02,99.98,51.904
2016-10-14T02:39:59.000Z,6.02,99.98,51.918
2018-11-25T02:20:00.000Z,6.02,99.98,51.942
2019-11-24T02:39:59.000Z,6.02,99.98,51.942
2017-08-30T02:40:00.000Z,6.02,99.98,51.944
2018-07-05T02:54:59.000Z,6.02,99.98,51.986
2018-11-24T02:59:59.000Z,6.02,99.98,52.008
2018-06-09T02:49:59.000Z,6.02,99.98,52.01
2015-11-15T02:29:59.000Z,6.02,99.98,52.022
2016-08-15T02:44:59.000Z,6.02,99.98,52.058
2018-10-09T02:54:59.000Z,6.02,99.98,52.08
2019-01-21T02:14:59.000Z,6.02,99.98,52.094
2017-11-23T02:54:59.000Z,6.02,99.98,52.126
2020-07-03T02:49:59.000Z,6.02,99.98,52.142
2016-09-03T02:44:59.000Z,6.02,99.98,52.208
2020-01-23T02:59:59.000Z,6.02,99.98,52.208
2017-01-30T02:59:59.000Z,6.02,99.98,52.234
2018-11-23T02:30:00.000Z,6.02,99.98,52.262
2018-11-15T02:59:59.000Z,6.02,99.98,52.288
2020-03-06T02:44:59.000Z,6.02,99.98,52.298
2016-11-11T02:59:59.000Z,6.02,99.98,52.3
2019-01-24T02:39:59.000Z,6.02,99.98,52.3
2019-11-22T02:49:59.000Z,6.02,99.98,52.304
2017-11-21T02:59:59.000Z,6.02,99.98,52.32
2020-06-19T02:39:59.000Z,6.02,99.98,52.328
2020-02-10T02:49:59.000Z,6.02,99.98,52.33
2017-02-07T02:19:59.000Z,6.02,99.98,52.332
2019-01-31T02:45:00.000Z,6.02,99.98,52.336
2016-05-04T02:39:59.000Z,6.02,99.98,52.342
2020-01-24T02:14:59.000Z,6.02,99.98,52.356
2019-11-19T02:24:59.000Z,6.02,99.98,52.376
2019-11-21T02:14:59.000Z,6.02,99.98,52.394
2016-02-01T02:40:00.000Z,6.02,99.98,52.416
2017-09-25T02:59:59.000Z,6.02,99.98,52.452
2019-11-20T02:59:59.000Z,6.02,99.98,52.46
2016-06-02T02:09:59.000Z,6.02,99.98,52.472
2017-11-18T02:40:00.000Z,6.02,99.98,52.496
2020-01-25T02:49:59.000Z,6.02,99.98,52.516
2017-10-16T02:24:59.000Z,6.02,99.98,52.588
2019-05-28T02:59:59.000Z,6.02,99.98,52.596
2018-07-09T02:59:59.000Z,6.02,99.98,52.608
2016-07-23T02:39:59.000Z,6.02,99.98,52.614
2019-11-18T02:59:59.000Z,6.02,99.98,52.62
2018-08-22T02:54:59.000Z,6.02,99.98,52.642
2017-11-16T02:50:00.000Z,6.02,99.98,52.646
2020-09-12T02:55:00.000Z,6.02,99.98,52.654
2017-02-01T02:49:59.000Z,6.02,99.98,52.67
2016-08-05T02:04:59.000Z,6.02,99.98,52.676
2017-11-17T02:09:59.000Z,6.02,99.98,52.688
2019-09-03T02:50:00.000Z,6.02,99.98,52.694
2020-01-27T02:39:59.000Z,6.02,99.98,52.696
2019-10-27T02:19:59.000Z,6.02,99.98,52.722
2018-05-29T02:39:59.000Z,6.02,99.98,52.73
2020-01-31T02:20:00.000Z,6.02,99.98,52.734
2017-07-27T02:49:59.000Z,6.02,99.98,52.74
2017-06-11T02:40:00.000Z,6.02,99.98,52.75
2019-02-02T02:34:59.000Z,6.02,99.98,52.758
2017-07-11T02:50:00.000Z,6.02,99.98,52.78
2020-01-26T02:09:59.000Z,6.02,99.98,52.79
2018-01-28T02:44:59.000Z,6.02,99.98,52.792
2016-10-28T02:49:59.000Z,6.02,99.98,52.814
2019-05-16T02:40:00.000Z,6.02,99.98,52.818
2020-07-15T02:09:59.000Z,6.02,99.98,52.822
2016-04-20T02:25:00.000Z,6.02,99.98,52.838
2018-03-04T02:59:59.000Z,6.02,99.98,52.84
2019-11-17T02:34:59.000Z,6.02,99.98,52.878
2017-07-18T02:54:59.000Z,6.02,99.98,52.91
2018-07-13T02:40:00.000Z,6.02,99.98,52.928
2017-08-18T02:44:59.000Z,6.02,99.98,52.934
2020-01-29T02:30:00.000Z,6.02,99.98,52.934
2017-11-15T02:15:00.000Z,6.02,99.98,52.952
2019-09-12T02:44:59.000Z,6.02,99.98,52.954
2018-05-22T02:59:59.000Z,6.02,99.98,52.984
2016-02-04T02:59:58.000Z,6.02,99.98,52.99
2019-08-02T02:50:00.000Z,6.02,99.98,53.008
2017-10-10T02:34:59.000Z,6.02,99.98,53.02
2019-11-15T02:45:00.000Z,6.02,99.98,53.02
2019-06-22T02:54:59.000Z,6.02,99.98,53.032
2017-02-05T02:29:59.000Z,6.02,99.98,53.054
2016-11-04T02:55:00.000Z,6.02,99.98,53.18
2017-07-03T02:29:59.000Z,6.02,99.98,53.182
2018-01-30T02:34:59.000Z,6.02,99.98,53.188
2019-10-01T02:59:59.000Z,6.02,99.98,53.212
2020-07-09T02:44:59.000Z,6.02,99.98,53.228
2016-02-13T02:59:59.000Z,6.02,99.98,53.25
2018-10-18T02:49:58.000Z,6.02,99.98,53.29
2016-11-03T02:19:59.000Z,6.02,99.98,53.294
2017-06-04T02:59:59.000Z,6.02,99.98,53.3
2017-03-03T02:59:59.000Z,6.02,99.98,53.306
2017-11-11T02:34:59.000Z,6.02,99.98,53.31
2019-11-12T02:20:00.000Z,6.02,99.98,53.314
2020-02-02T02:09:59.000Z,6.02,99.98,53.318
2020-07-28T02:45:00.000Z,6.02,99.98,53.324
2018-01-31T02:59:59.000Z,6.02,99.98,53.332
2016-07-05T02:49:59.000Z,6.02,99.98,53.34
2020-05-23T02:54:59.000Z,6.02,99.98,53.358
2017-07-01T02:45:00.000Z,6.02,99.98,53.372
2017-07-19T02:29:59.000Z,6.02,99.98,53.442
2017-04-24T02:40:00.000Z,6.02,99.98,53.452
2019-02-27T02:30:00.000Z,6.02,99.98,53.454
2019-02-06T02:14:59.000Z,6.02,99.98,53.46
2016-07-10T02:40:00.000Z,6.02,99.98,53.498
2018-05-06T02:59:59.000Z,6.02,99.98,53.5
2020-02-07T02:24:59.000Z,6.02,99.98,53.506
2018-05-02T02:54:59.000Z,6.02,99.98,53.524
2019-11-10T02:29:59.000Z,6.02,99.98,53.524
2018-02-01T02:25:00.000Z,6.02,99.98,53.536
2018-02-02T02:59:59.000Z,6.02,99.98,53.538
2018-02-12T02:09:59.000Z,6.02,99.98,53.552
2020-11-01T02:44:59.000Z,6.02,99.98,53.556
2016-02-14T02:14:58.000Z,6.02,99.98,53.568
2020-11-09T02:09:59.000Z,6.02,99.98,53.57
2017-02-08T02:54:59.000Z,6.02,99.98,53.574
2019-11-04T03:00:00.000Z,6.02,99.98,53.604
2016-10-30T02:39:59.000Z,6.02,99.98,53.63
2017-10-24T02:44:59.000Z,6.02,99.98,53.63
2019-04-17T03:00:00.000Z,6.02,99.98,53.672
2018-04-23T03:00:00.000Z,6.02,99.98,53.696
2017-07-25T02:59:59.000Z,6.02,99.98,53.704
2017-06-10T02:25:00.000Z,6.02,99.98,53.708
2020-06-25T02:29:59.000Z,6.02,99.98,53.708
2018-10-14T03:00:00.000Z,6.02,99.98,53.722
2017-05-26T02:40:00.000Z,6.02,99.98,53.73
2018-04-17T02:34:59.000Z,6.02,99.98,53.742
2018-04-20T02:59:59.000Z,6.02,99.98,53.754
2018-11-05T02:39:59.000Z,6.02,99.98,53.762
2016-06-11T02:59:59.000Z,6.02,99.98,53.768
2017-02-10T02:44:59.000Z,6.02,99.98,53.772
2020-05-01T02:25:00.000Z,6.02,99.98,53.804
2018-02-03T02:15:00.000Z,6.02,99.98,53.806
2020-11-07T02:15:00.000Z,6.02,99.98,53.81
2019-02-05T02:59:59.000Z,6.02,99.98,53.822
2018-02-04T02:50:00.000Z,6.02,99.98,53.83
2017-02-09T02:09:59.000Z,6.02,99.98,53.852
2017-10-23T02:09:59.000Z,6.02,99.98,53.858
2017-06-20T02:59:59.000Z,6.02,99.98,53.862
2016-04-27T02:34:59.000Z,6.02,99.98,53.864
2017-07-10T02:39:59.000Z,6.02,99.98,53.878
2018-07-04T02:44:59.000Z,6.02,99.98,53.962
2016-07-04T02:04:59.000Z,6.02,99.98,53.97
2016-07-03T02:59:58.000Z,6.02,99.98,53.98
2018-03-22T03:00:00.000Z,6.02,99.98,53.994
2020-03-21T02:34:59.000Z,6.02,99.98,54.006
2020-07-10T02:54:59.000Z,6.02,99.98,54.026
2020-06-24T02:54:59.000Z,6.02,99.98,54.034
2020-02-09T02:15:00.000Z,6.02,99.98,54.036
2016-07-17T02:44:59.000Z,6.02,99.98,54.042
2019-07-09T02:29:59.000Z,6.02,99.98,54.098
2016-06-12T02:45:00.000Z,6.02,99.98,54.102
2018-02-06T02:40:00.000Z,6.02,99.98,54.11
2016-02-15T02:50:00.000Z,6.02,99.98,54.126
2019-06-11T02:09:59.000Z,6.02,99.98,54.132
2017-04-14T02:35:00.000Z,6.02,99.98,54.138
2018-07-14T02:49:59.000Z,6.02,99.98,54.14
2020-08-09T02:59:59.000Z,6.02,99.98,54.148
2017-09-14T02:24:59.000Z,6.02,99.98,54.158
2018-06-29T02:24:59.000Z,6.02,99.98,54.158
2018-02-05T02:09:59.000Z,6.02,99.98,54.16
2017-05-15T02:54:59.000Z,6.02,99.98,54.166
2018-06-11T02:40:00.000Z,6.02,99.98,54.168
2016-06-24T02:40:00.000Z,6.02,99.98,54.172
2017-02-13T02:59:59.000Z,6.02,99.98,54.174
2019-07-24T02:54:59.000Z,6.02,99.98,54.186
2017-05-30T02:45:00.000Z,6.02,99.98,54.196
2017-10-26T02:34:59.000Z,6.02,99.98,54.208
2017-06-16T02:54:59.000Z,6.02,99.98,54.224
2019-02-07T02:49:59.000Z,6.02,99.98,54.244
2016-07-16T02:29:59.000Z,6.02,99.98,54.252
2017-09-29T02:49:59.000Z,6.02,99.98,54.258
2019-10-11T02:19:59.000Z,6.02,99.98,54.264
2016-03-03T02:25:00.000Z,6.02,99.98,54.276
2017-07-04T02:44:59.000Z,6.02,99.98,54.304
2017-02-26T02:44:59.000Z,6.02,99.98,54.316
2017-06-17T02:29:59.000Z,6.02,99.98,54.316
2020-10-28T03:00:00.000Z,6.02,99.98,54.32
2016-02-16T02:09:59.000Z,6.02,99.98,54.362
2020-07-27T02:29:59.000Z,6.02,99.98,54.37
2017-05-10T02:40:00.000Z,6.02,99.98,54.374
2018-05-10T02:39:59.000Z,6.02,99.98,54.374
2016-07-24T02:49:59.000Z,6.02,99.98,54.38
2018-05-31T03:00:00.000Z,6.02,99.98,54.382
2018-09-16T02:50:00.000Z,6.02,99.98,54.406
2019-02-09T02:39:59.000Z,6.02,99.98,54.412
2020-03-26T02:49:59.000Z,6.02,99.98,54.416
2016-02-17T02:39:58.000Z,6.02,99.98,54.424
2016-07-22T02:59:59.000Z,6.02,99.98,54.426
2019-09-21T02:40:00.000Z,6.02,99.98,54.456
2017-03-20T02:39:59.000Z,6.02,99.98,54.464
2017-06-09T02:50:00.000Z,6.02,99.98,54.466
2016-06-01T02:59:59.000Z,6.02,99.98,54.47
2017-06-02T02:44:59.000Z,6.02,99.98,54.47
2019-07-08T02:54:59.000Z,6.02,99.98,54.478
2017-02-17T02:50:00.000Z,6.02,99.98,54.48
2020-10-31T02:09:59.000Z,6.02,99.98,54.482
2018-10-08T02:44:59.000Z,6.02,99.98,54.488
2019-11-01T02:35:00.000Z,6.02,99.98,54.488
2016-07-29T03:00:00.000Z,6.02,99.98,54.49
2017-04-23T02:24:59.000Z,6.02,99.98,54.502
2020-08-10T02:44:59.000Z,6.02,99.98,54.52
2019-02-08T02:09:59.000Z,6.02,99.98,54.522
2019-10-17T03:00:00.000Z,6.02,99.98,54.53
2017-02-19T02:40:00.000Z,6.02,99.98,54.534
2016-07-26T02:40:00.000Z,6.02,99.98,54.548
2019-10-30T02:44:59.000Z,6.02,99.98,54.556
2019-06-29T02:59:59.000Z,6.02,99.98,54.568
2017-02-16T02:15:00.000Z,6.02,99.98,54.584
2020-02-05T02:34:59.000Z,6.02,99.98,54.6
2020-02-14T02:30:00.000Z,6.02,99.98,54.622
2016-05-06T02:25:00.000Z,6.02,99.98,54.624
2016-06-06T02:50:00.000Z,6.02,99.98,54.642
2018-02-09T02:59:59.000Z,6.02,99.98,54.648
2016-02-21T02:19:59.000Z,6.02,99.98,54.686
2018-04-01T02:34:59.000Z,6.02,99.98,54.708
2019-09-08T02:59:59.000Z,6.02,99.98,54.716
2016-06-05T02:39:59.000Z,6.02,99.98,54.724
2019-07-07T02:45:00.000Z,6.02,99.98,54.726
2018-03-16T02:29:59.000Z,6.02,99.98,54.754
2018-02-10T02:19:59.000Z,6.02,99.98,54.762
2018-10-27T02:44:59.000Z,6.02,99.98,54.784
2017-10-20T03:00:00.000Z,6.02,99.98,54.802
2019-07-12T02:59:59.000Z,6.02,99.98,54.802
2017-09-27T02:59:59.000Z,6.02,99.98,54.814
2019-08-19T02:25:00.000Z,6.02,99.98,54.824
2018-03-25T02:25:00.000Z,6.02,99.98,54.826
2016-07-31T02:54:58.000Z,6.02,99.98,54.84
2017-02-18T02:20:00.000Z,6.02,99.98,54.854
2019-05-10T02:09:59.000Z,6.02,99.98,54.864
2018-04-16T02:54:59.000Z,6.02,99.98,54.876
2017-08-02T02:45:00.000Z,6.02,99.98,54.904
2019-02-14T02:55:00.000Z,6.02,99.98,54.91
2019-10-04T02:34:59.000Z,6.02,99.98,54.926
2016-04-24T02:59:59.000Z,6.02,99.98,54.934
2019-09-10T02:54:59.000Z,6.02,99.98,54.94
2020-04-14T02:50:00.000Z,6.02,99.98,54.948
2020-07-24T02:59:59.000Z,6.02,99.98,54.95
2020-10-06T02:34:59.000Z,6.02,99.98,54.958
2016-08-02T02:44:59.000Z,6.02,99.98,54.97
2017-04-18T02:59:59.000Z,6.02,99.98,54.976
2018-02-11T02:54:59.000Z,6.02,99.98,54.99
2016-05-11T02:45:00.000Z,6.02,99.98,55.02
2018-04-27T02:39:59.000Z,6.02,99.98,55.026
2020-06-23T02:44:59.000Z,6.02,99.98,55.028
2019-02-12T02:59:59.000Z,6.02,99.98,55.03
2020-06-22T02:59:59.000Z,6.02,99.98,55.044
2018-07-16T02:39:59.000Z,6.02,99.98,55.046
2017-09-05T02:30:00.000Z,6.02,99.98,55.078
2018-06-23T02:59:59.000Z,6.02,99.98,55.078
2020-02-15T03:00:00.000Z,6.02,99.98,55.078
2020-07-16T02:50:00.000Z,6.02,99.98,55.078
2019-10-26T02:59:59.000Z,6.02,99.98,55.096
2016-09-15T02:59:59.000Z,6.02,99.98,55.098
2018-05-28T02:25:00.000Z,6.02,99.98,55.1
2018-10-26T02:10:00.000Z,6.02,99.98,55.102
2016-08-06T02:49:59.000Z,6.02,99.98,55.106
2019-02-15T02:09:59.000Z,6.02,99.98,55.118
2020-06-26T02:45:00.000Z,6.02,99.98,55.12
2019-02-13T02:20:00.000Z,6.02,99.98,55.124
2019-07-18T02:25:00.000Z,6.02,99.98,55.13
2016-04-26T02:54:59.000Z,6.02,99.98,55.136
2019-07-01T02:50:00.000Z,6.02,99.98,55.138
2018-06-30T02:39:59.000Z,6.02,99.98,55.162
2019-06-15T02:50:00.000Z,6.02,99.98,55.164
2018-02-13T02:44:59.000Z,6.02,99.98,55.176
2017-04-30T02:29:59.000Z,6.02,99.98,55.184
2020-06-03T02:39:59.000Z,6.02,99.98,55.188
2019-05-07T02:44:59.000Z,6.02,99.98,55.194
2020-07-21T02:39:59.000Z,6.02,99.98,55.196
2020-06-01T02:49:59.000Z,6.02,99.98,55.21
2016-10-08T02:59:59.000Z,6.02,99.98,55.218
2016-10-05T02:40:00.000Z,6.02,99.98,55.228
2019-03-01T02:20:00.000Z,6.02,99.98,55.24
2016-05-19T02:59:59.000Z,6.02,99.98,55.26
2016-02-24T02:44:59.000Z,6.02,99.98,55.27
2020-07-20T02:24:59.000Z,6.02,99.98,55.27
2016-02-22T02:54:59.000Z,6.02,99.98,55.272
2019-06-04T03:00:00.000Z,6.02,99.98,55.282
2020-05-08T02:29:59.000Z,6.02,99.98,55.284
2017-03-19T02:59:59.000Z,6.02,99.98,55.292
2017-08-20T02:30:00.000Z,6.02,99.98,55.294
2019-08-08T02:45:00.000Z,6.02,99.98,55.296
2017-05-17T02:44:59.000Z,6.02,99.98,55.31
2018-10-02T02:50:00.000Z,6.02,99.98,55.318
2020-02-17T02:55:00.000Z,6.02,99.98,55.324
2018-08-01T02:39:59.000Z,6.02,99.98,55.348
2019-07-23T02:45:00.000Z,6.02,99.98,55.352
2020-06-12T02:59:59.000Z,6.02,99.98,55.354
2018-10-23T02:59:59.000Z,6.02,99.98,55.356
2020-06-10T02:45:00.000Z,6.02,99.98,55.356
2019-06-14T02:39:59.000Z,6.02,99.98,55.372
2018-07-23T02:44:59.000Z,6.02,99.98,55.38
2017-04-29T02:54:59.000Z,6.02,99.98,55.386
2018-05-23T02:10:00.000Z,6.02,99.98,55.394
2018-06-14T02:39:59.000Z,6.02,99.98,55.396
2018-02-15T02:34:59.000Z,6.02,99.98,55.398
2020-02-16T02:19:59.000Z,6.02,99.98,55.432
2019-07-30T02:49:59.000Z,6.02,99.98,55.434
2016-02-29T02:59:59.000Z,6.02,99.98,55.438
2018-08-21T02:44:59.000Z,6.02,99.98,55.438
2017-09-09T02:59:59.000Z,6.02,99.98,55.452
2016-04-03T02:50:00.000Z,6.02,99.98,55.456
2020-07-26T02:54:59.000Z,6.02,99.98,55.47
2020-05-21T02:59:59.000Z,6.02,99.98,55.48
2018-06-10T03:00:00.000Z,6.02,99.98,55.482
2019-04-13T02:24:59.000Z,6.02,99.98,55.512
2020-07-25T02:44:59.000Z,6.02,99.98,55.518
2020-10-21T02:59:59.000Z,6.02,99.98,55.52
2018-08-07T02:34:59.000Z,6.02,99.98,55.528
2017-02-25T02:29:59.000Z,6.02,99.98,55.534
2018-08-15T02:50:00.000Z,6.02,99.98,55.54
2018-07-26T02:10:00.000Z,6.02,99.98,55.558
2016-02-23T02:09:59.000Z,6.02,99.98,55.57
2016-09-24T02:59:59.000Z,6.02,99.98,55.576
2018-02-16T02:59:59.000Z,6.02,99.98,55.604
2018-03-09T02:25:00.000Z,6.02,99.98,55.61
2018-05-15T03:00:00.000Z,6.02,99.98,55.626
2016-05-10T02:59:59.000Z,6.02,99.98,55.628
2020-02-18T02:09:59.000Z,6.02,99.98,55.628
2018-07-30T02:50:00.000Z,6.02,99.98,55.63
2019-02-19T02:59:59.000Z,6.02,99.98,55.64
2020-10-18T02:34:59.000Z,6.02,99.98,55.648
2019-02-18T02:34:59.000Z,6.02,99.98,55.658
2018-08-13T03:00:00.000Z,6.02,99.98,55.664
2020-05-29T02:49:59.000Z,6.02,99.98,55.664
2018-02-17T02:25:00.000Z,6.02,99.98,55.678
2018-05-03T02:34:59.000Z,6.02,99.98,55.68
2019-08-14T02:59:59.000Z,6.02,99.98,55.694
2020-05-13T02:49:59.000Z,6.02,99.98,55.7
2019-07-29T02:04:59.000Z,6.02,99.98,55.72
2017-10-06T02:55:00.000Z,6.02,99.98,55.736
2020-05-24T02:29:59.000Z,6.02,99.98,55.74
2018-05-24T02:49:59.000Z,6.02,99.98,55.746
2019-10-21T02:50:00.000Z,6.02,99.98,55.746
2017-05-04T02:09:59.000Z,6.02,99.98,55.748
2016-03-07T02:59:59.000Z,6.02,99.98,55.76
2019-05-25T03:00:00.000Z,6.02,99.98,55.77
2017-04-02T02:59:59.000Z,6.02,99.98,55.778
2019-07-31T02:59:59.000Z,6.02,99.98,55.786
2017-03-30T02:44:59.000Z,6.02,99.98,55.798
2018-02-18T02:59:59.000Z,6.02,99.98,55.8
2020-05-20T02:55:00.000Z,6.02,99.98,55.804
2018-02-22T02:39:59.000Z,6.02,99.98,55.81
2016-02-27T02:59:59.000Z,6.02,99.98,55.814
2020-03-03T02:45:00.000Z,6.02,99.98,55.822
2016-08-30T03:00:00.000Z,6.02,99.98,55.848
2019-10-14T02:44:59.000Z,6.02,99.98,55.858
2019-05-26T02:09:59.000Z,6.02,99.98,55.862
2017-05-08T02:50:00.000Z,6.02,99.98,55.864
2018-05-09T03:00:00.000Z,6.02,99.98,55.864
2019-10-03T02:59:59.000Z,6.02,99.98,55.876
2019-05-20T02:45:00.000Z,6.02,99.98,55.878
2019-05-23T02:44:59.000Z,6.02,99.98,55.88
2017-05-09T02:24:59.000Z,6.02,99.98,55.908
2019-02-20T02:24:59.000Z,6.02,99.98,55.91
2016-10-03T02:55:00.000Z,6.02,99.98,55.95
2019-08-04T02:40:00.000Z,6.02,99.98,55.954
2017-08-11T02:39:59.000Z,6.02,99.98,55.96
2018-02-20T02:50:00.000Z,6.02,99.98,55.972
2019-02-22T02:14:59.000Z,6.02,99.98,55.984
2018-05-20T02:44:59.000Z,6.02,99.98,55.994
2016-04-04T02:25:00.000Z,6.02,99.98,56
2019-02-23T02:49:59.000Z,6.02,99.98,56.022
2020-08-12T02:29:59.000Z,6.02,99.98,56.04
2019-05-22T02:30:00.000Z,6.02,99.98,56.044
2018-08-04T02:59:59.000Z,6.02,99.98,56.056
2018-10-17T02:14:59.000Z,6.02,99.98,56.07
2016-03-26T02:34:59.000Z,6.02,99.98,56.078
2020-08-04T02:49:59.000Z,6.02,99.98,56.088
2020-05-22T02:44:59.000Z,6.02,99.98,56.096
2018-02-19T02:14:59.000Z,6.02,99.98,56.1
2020-02-22T02:59:59.000Z,6.02,99.98,56.118
2016-03-02T02:50:00.000Z,6.02,99.98,56.122
2020-02-21T02:34:59.000Z,6.02,99.98,56.124
2017-10-07T02:30:00.000Z,6.02,99.98,56.13
2016-03-01T02:34:59.000Z,6.02,99.98,56.136
2016-04-12T02:44:59.000Z,6.02,99.98,56.17
2018-10-10T02:29:59.000Z,6.02,99.98,56.172
2019-07-28T02:59:59.000Z,6.02,99.98,56.176
2016-03-17T02:39:59.000Z,6.02,99.98,56.18
2018-09-25T02:44:59.000Z,6.02,99.98,56.182
2019-10-16T02:35:00.000Z,6.02,99.98,56.194
2019-04-23T03:00:00.000Z,6.02,99.98,56.234
2017-04-22T02:50:00.000Z,6.02,99.98,56.246
2019-02-24T02:24:59.000Z,6.02,99.98,56.246
2018-08-05T02:44:59.000Z,6.02,99.98,56.252
2020-05-16T02:50:00.000Z,6.02,99.98,56.272
2019-05-06T02:35:00.000Z,6.02,99.98,56.322
2016-05-05T02:50:00.000Z,6.02,99.98,56.324
2017-05-01T02:44:59.000Z,6.02,99.98,56.326
2017-03-07T02:40:00.000Z,6.02,99.98,56.358
2017-09-06T02:44:59.000Z,6.02,99.98,56.36
2016-09-26T02:44:59.000Z,6.02,99.98,56.362
2018-02-27T02:54:59.000Z,6.02,99.98,56.362
2016-09-17T02:55:00.000Z,6.02,99.98,56.368
2017-03-04T02:34:59.000Z,6.02,99.98,56.372
2017-08-26T02:59:59.000Z,6.02,99.98,56.392
2016-04-11T02:34:59.000Z,6.02,99.98,56.426
2020-02-25T02:15:00.000Z,6.02,99.98,56.436
2020-02-26T02:49:59.000Z,6.02,99.98,56.448
2018-10-11T02:44:59.000Z,6.02,99.98,56.454
2016-03-04T02:39:59.000Z,6.02,99.98,56.458
2020-09-04T02:40:00.000Z,6.02,99.98,56.466
2019-05-14T02:49:59.000Z,6.02,99.98,56.47
2018-02-25T02:59:59.000Z,6.02,99.98,56.49
2019-10-12T02:54:59.000Z,6.02,99.98,56.492
2019-08-17T02:39:59.000Z,6.02,99.98,56.522
2017-09-11T02:59:59.000Z,6.02,99.98,56.528
2016-08-24T02:39:59.000Z,6.02,99.98,56.534
2018-03-07T02:34:59.000Z,6.02,99.98,56.536
2016-04-02T02:39:59.000Z,6.02,99.98,56.564
2019-10-05T02:50:00.000Z,6.02,99.98,56.592
2019-02-25T02:39:59.000Z,6.02,99.98,56.6
2019-05-15T02:24:59.000Z,6.02,99.98,56.61
2019-08-09T02:54:59.000Z,6.02,99.98,56.63
2016-04-28T02:44:59.000Z,6.02,99.98,56.634
2016-09-10T02:49:59.000Z,6.02,99.98,56.652
2020-10-05T02:59:59.000Z,6.02,99.98,56.658
2017-09-13T02:49:59.000Z,6.02,99.98,56.672
2018-08-06T02:54:59.000Z,6.02,99.98,56.686
2018-03-10T02:39:59.000Z,6.02,99.98,56.688
2019-04-21T02:44:59.000Z,6.02,99.98,56.692
2017-04-13T02:54:59.000Z,6.02,99.98,56.696
2016-03-10T02:29:59.000Z,6.02,99.98,56.704
2020-02-24T02:59:59.000Z,6.02,99.98,56.704
2018-04-09T02:50:00.000Z,6.02,99.98,56.71
2020-05-09T02:44:59.000Z,6.02,99.98,56.726
2016-09-09T02:39:59.000Z,6.02,99.98,56.728
2020-02-28T02:40:00.000Z,6.02,99.98,56.728
2016-09-02T02:30:00.000Z,6.02,99.98,56.732
2016-03-08T02:45:00.000Z,6.02,99.98,56.744
2019-05-12T02:59:59.000Z,6.02,99.98,56.778
2016-09-12T02:39:59.000Z,6.02,99.98,56.78
2016-03-09T02:54:59.000Z,6.02,99.98,56.79
2019-09-26T02:54:59.000Z,6.02,99.98,56.802
2018-05-11T02:50:00.000Z,6.02,99.98,56.806
2019-08-18T02:50:00.000Z,6.02,99.98,56.808
2016-03-14T02:59:59.000Z,6.02,99.98,56.812
2020-02-27T02:24:59.000Z,6.02,99.98,56.814
2016-09-11T02:24:59.000Z,6.02,99.98,56.822
2018-02-26T02:19:59.000Z,6.02,99.98,56.828
2018-05-13T02:39:59.000Z,6.02,99.98,56.842
2018-04-04T02:59:59.000Z,6.02,99.98,56.848
2019-02-28T03:00:00.000Z,6.02,99.98,56.852
2020-05-07T02:54:59.000Z,6.02,99.98,56.852
2017-09-04T02:55:00.000Z,6.02,99.98,56.856
2018-05-07T02:09:59.000Z,6.02,99.98,56.878
2018-10-04T02:39:59.000Z,6.02,99.98,56.91
2020-03-02T03:00:00.000Z,6.02,99.98,56.928
2016-03-11T02:44:59.000Z,6.02,99.98,56.932
2020-09-10T02:59:59.000Z,6.02,99.98,56.938
2017-03-12T02:54:59.000Z,6.02,99.98,56.944
2017-03-10T02:59:59.000Z,6.02,99.98,56.948
2017-09-03T02:44:59.000Z,6.02,99.98,56.964
2017-04-21T02:39:59.000Z,6.02,99.98,56.966
2020-03-12T02:39:59.000Z,6.02,99.98,56.966
2017-09-02T03:00:00.000Z,6.02,99.98,56.974
2020-04-06T02:34:59.000Z,6.02,99.98,56.98
2019-03-02T02:55:00.000Z,6.02,99.98,56.982
2018-05-04T02:44:59.000Z,6.02,99.98,56.992
2016-03-27T02:44:59.000Z,6.02,99.98,57.004
2020-05-06T02:45:00.000Z,6.02,99.98,57.016
2018-02-28T02:29:59.000Z,6.02,99.98,57.018
2017-03-11T02:45:00.000Z,6.02,99.98,57.034
2019-04-20T02:35:00.000Z,6.02,99.98,57.034
2017-03-14T02:44:59.000Z,6.02,99.98,57.054
2016-04-21T02:40:00.000Z,6.02,99.98,57.068
2020-09-30T02:45:00.000Z,6.02,99.98,57.084
2019-05-03T03:00:00.000Z,6.02,99.98,57.096
2016-03-19T02:25:00.000Z,6.02,99.98,57.122
2018-03-01T02:44:59.000Z,6.02,99.98,57.13
2016-04-19T02:50:00.000Z,6.02,99.98,57.144
2020-04-16T02:40:00.000Z,6.02,99.98,57.148
2019-05-04T02:44:59.000Z,6.02,99.98,57.184
2016-04-17T02:59:59.000Z,6.02,99.98,57.192
2020-04-12T02:59:59.000Z,6.02,99.98,57.204
2019-04-30T02:40:00.000Z,6.02,99.98,57.212
2018-09-28T03:00:00.000Z,6.02,99.98,57.232
2018-08-14T02:40:00.000Z,6.02,99.98,57.234
2019-09-30T02:59:59.000Z,6.02,99.98,57.246
2016-03-30T02:59:59.000Z,6.02,99.98,57.256
2017-04-11T03:00:00.000Z,6.02,99.98,57.256
2018-09-30T03:00:00.000Z,6.02,99.98,57.264
2017-03-13T02:29:59.000Z,6.02,99.98,57.266
2020-03-05T02:29:59.000Z,6.02,99.98,57.266
2017-04-15T02:44:59.000Z,6.02,99.98,57.268
2019-09-28T02:44:59.000Z,6.02,99.98,57.3
2018-09-27T02:59:59.000Z,6.02,99.98,57.32
2019-03-10T02:34:59.000Z,6.02,99.98,57.336
2020-03-25T02:59:59.000Z,6.02,99.98,57.336
2019-08-20T02:40:00.000Z,6.02,99.98,57.342
2017-03-23T02:40:00.000Z,6.02,99.98,57.346
2019-03-04T02:44:59.000Z,6.02,99.98,57.35
2020-03-04T02:54:59.000Z,6.02,99.98,57.356
2020-04-28T02:59:59.000Z,6.02,99.98,57.358
2018-08-31T02:50:00.000Z,6.02,99.98,57.378
2020-04-30T02:50:00.000Z,6.02,99.98,57.378
2019-03-28T02:24:59.000Z,6.02,99.98,57.382
2018-03-03T02:34:59.000Z,6.02,99.98,57.386
2020-09-23T02:39:59.000Z,6.02,99.98,57.39
2018-03-23T02:39:59.000Z,6.02,99.98,57.4
2018-04-18T02:44:59.000Z,6.02,99.98,57.408
2016-03-16T02:59:59.000Z,6.02,99.98,57.414
2018-04-24T02:39:59.000Z,6.02,99.98,57.434
2018-09-24T02:29:59.000Z,6.02,99.98,57.434
2019-03-19T02:30:00.000Z,6.02,99.98,57.442
2020-04-29T02:39:59.000Z,6.02,99.98,57.442
2017-04-07T02:25:00.000Z,6.02,99.98,57.454
2018-03-08T02:50:00.000Z,6.02,99.98,57.466
2016-04-15T02:59:59.000Z,6.02,99.98,57.474
2017-03-26T03:00:00.000Z,6.02,99.98,57.474
2020-09-05T02:49:59.000Z,6.02,99.98,57.484
2018-03-06T02:59:59.000Z,6.02,99.98,57.488
2018-04-07T02:59:59.000Z,6.02,99.98,57.5
2018-04-08T02:39:59.000Z,6.02,99.98,57.502
2017-03-22T02:25:00.000Z,6.02,99.98,57.51
2018-03-14T02:45:00.000Z,6.02,99.98,57.518
2016-03-18T02:50:00.000Z,6.02,99.98,57.52
2016-03-20T02:39:59.000Z,6.02,99.98,57.53
2016-04-05T02:40:00.000Z,6.02,99.98,57.544
2018-04-10T02:25:00.000Z,6.02,99.98,57.552
2019-03-07T02:59:59.000Z,6.02,99.98,57.556
2019-08-23T02:59:59.000Z,6.02,99.98,57.574
2016-04-10T02:54:59.000Z,6.02,99.98,57.578
2019-03-06T02:34:59.000Z,6.02,99.98,57.612
2020-09-07T02:39:59.000Z,6.02,99.98,57.618
2018-04-26T02:25:00.000Z,6.02,99.98,57.638
2016-03-25T02:54:59.000Z,6.02,99.98,57.644
2019-08-24T02:45:00.000Z,6.02,99.98,57.646
2017-03-27T02:45:00.000Z,6.02,99.98,57.69
2019-03-09T02:59:59.000Z,6.02,99.98,57.696
2020-04-23T02:44:59.000Z,6.02,99.98,57.698
2019-04-26T02:59:59.000Z,6.02,99.98,57.734
2020-03-30T02:25:00.000Z,6.02,99.98,57.746
2019-03-11T02:49:59.000Z,6.02,99.98,57.75
2020-03-11T02:59:59.000Z,6.02,99.98,57.752
2020-04-21T02:54:59.000Z,6.02,99.98,57.752
2020-03-09T02:59:59.000Z,6.02,99.98,57.754
2020-04-26T02:59:59.000Z,6.02,99.98,57.762
2019-03-13T02:39:59.000Z,6.02,99.98,57.768
2018-09-01T02:25:00.000Z,6.02,99.98,57.802
2018-09-02T02:39:59.000Z,6.02,99.98,57.81
2018-08-30T02:40:00.000Z,6.02,99.98,57.88
2020-04-19T02:59:59.000Z,6.02,99.98,57.894
2016-04-01T02:59:59.000Z,6.02,99.98,57.9
2019-03-12T02:24:59.000Z,6.02,99.98,57.9
2020-04-22T02:34:59.000Z,6.02,99.98,57.944
2019-04-03T02:55:00.000Z,6.02,99.98,57.946
2019-04-19T02:55:00.000Z,6.02,99.98,57.99
2020-04-20T02:45:00.000Z,6.02,99.98,57.998
2020-03-15T02:40:00.000Z,6.02,99.98,58.006
2018-04-21T03:00:00.000Z,6.02,99.98,58.036
2020-03-13T02:50:00.000Z,6.02,99.98,58.044
2018-03-17T02:44:59.000Z,6.02,99.98,58.088
2018-03-15T02:54:59.000Z,6.02,99.98,58.11
2019-04-14T02:39:59.000Z,6.02,99.98,58.122
2019-04-05T02:44:59.000Z,6.02,99.98,58.14
2020-03-14T02:25:00.000Z,6.02,99.98,58.172
2020-04-07T02:44:59.000Z,6.02,99.98,58.26
2018-03-20T03:00:00.000Z,6.02,99.98,58.268
2018-04-14T02:59:59.000Z,6.02,99.98,58.298
2018-03-19T02:59:59.000Z,6.02,99.98,58.31
2020-04-13T02:39:59.000Z,6.02,99.98,58.312
2019-03-16T03:00:00.000Z,6.02,99.98,58.33
2019-04-04T02:35:00.000Z,6.02,99.98,58.332
2019-03-17T02:44:59.000Z,6.02,99.98,58.334
2020-03-18T02:59:59.000Z,6.02,99.98,58.38
2020-04-09T02:59:59.000Z,6.02,99.98,58.384
2019-03-18T02:55:00.000Z,6.02,99.98,58.388
2020-04-05T02:54:59.000Z,6.02,99.98,58.394
2019-03-20T02:44:59.000Z,6.02,99.98,58.398
2019-03-27T02:49:59.000Z,6.02,99.98,58.404
2020-04-03T02:59:59.000Z,6.02,99.98,58.424
2018-03-26T02:39:59.000Z,6.02,99.98,58.448
2020-03-27T02:59:59.000Z,6.02,99.98,58.452
2020-03-22T02:44:59.000Z,6.02,99.98,58.474
2020-03-20T02:54:59.000Z,6.02,99.98,58.51
2019-03-29T02:39:59.000Z,6.02,99.98,58.534
2019-03-23T02:59:59.000Z,6.02,99.98,58.56
2018-03-31T02:54:59.000Z,6.02,99.98,58.566
2020-03-29T02:50:00.000Z,6.02,99.98,58.57
2018-03-30T02:45:00.000Z,6.02,99.98,58.586
2019-03-25T02:59:59.000Z,6.02,99.98,58.642
2018-04-02T02:44:59.000Z,6.02,99.98,58.66
2020-03-28T02:39:59.000Z,6.02,99.98,58.724
2020-03-31T02:40:00.000Z,6.02,99.98,58.808
