"DATE","LAT","LON","PAR"
2015-11-02T02:54:59.000Z,   6.02,  99.98, 53.29800
2015-11-03T02:09:59.000Z,   6.02,  99.98, 53.26600
2015-11-04T02:44:59.000Z,   6.02,  99.98, 53.00600
2015-11-05T02:04:59.000Z,   6.02,  99.98, -32767.00000
2015-11-06T02:34:59.000Z,   6.02,  99.98, 43.37000
2015-11-07T02:59:59.000Z,   6.02,  99.98, 33.58600
2015-11-08T02:25:00.000Z,   6.02,  99.98, 26.43600
2015-11-09T02:59:59.000Z,   6.02,  99.98, 52.63600
2015-11-10T02:15:00.000Z,   6.02,  99.98, 34.83800
2015-11-11T02:50:00.000Z,   6.02,  99.98, 52.47000
2015-11-12T02:09:59.000Z,   6.02,  99.98, 41.43800
2015-11-13T02:39:58.000Z,   6.02,  99.98, 47.00400
2015-11-14T02:09:59.000Z,   6.02,  99.98, -32767.00000
2015-11-15T02:29:59.000Z,   6.02,  99.98, 52.02200
2015-11-16T02:59:59.000Z,   6.02,  99.98, 50.37800
2015-11-17T02:19:59.000Z,   6.02,  99.98, 50.98400
2015-11-18T02:54:59.000Z,   6.02,  99.98, 51.55800
2015-11-19T02:09:59.000Z,   6.02,  99.98, 51.53600
2015-11-20T02:44:59.000Z,   6.02,  99.98, 49.95800
2015-11-21T02:05:00.000Z,   6.02,  99.98, -32767.00000
2015-11-22T02:35:00.000Z,   6.02,  99.98, 41.73800
2015-11-23T03:00:00.000Z,   6.02,  99.98,  9.60200
2015-11-24T02:25:00.000Z,   6.02,  99.98, 51.09400
2015-11-25T03:00:00.000Z,   6.02,  99.98, 35.38400
2015-11-26T02:14:59.000Z,   6.02,  99.98, 45.28000
2015-11-27T02:50:00.000Z,   6.02,  99.98, 50.80200
2015-11-28T02:09:59.000Z,   6.02,  99.98, 20.59200
2015-11-29T02:39:59.000Z,   6.02,  99.98, 50.41200
2015-11-30T02:04:59.000Z,   6.02,  99.98, -32767.00000
2015-12-01T02:29:59.000Z,   6.02,  99.98, 17.92400
2015-12-02T02:59:59.000Z,   6.02,  99.98, 39.00000
2015-12-03T02:19:59.000Z,   6.02,  99.98, 50.30000
2015-12-04T02:54:59.000Z,   6.02,  99.98, 48.79800
2015-12-05T02:10:00.000Z,   6.02,  99.98, 49.93400
2015-12-06T02:44:59.000Z,   6.02,  99.98, 47.98200
2015-12-07T02:05:00.000Z,   6.02,  99.98, -32767.00000
2015-12-08T02:35:00.000Z,   6.02,  99.98, 49.73800
2015-12-09T03:00:00.000Z,   6.02,  99.98, 22.35400
2015-12-10T02:24:59.000Z,   6.02,  99.98, 43.83800
2015-12-11T03:00:00.000Z,   6.02,  99.98, 49.35600
2015-12-12T02:14:59.000Z,   6.02,  99.98, 49.48600
2015-12-13T02:49:59.000Z,   6.02,  99.98, 49.49200
2015-12-14T02:09:59.000Z,   6.02,  99.98, 47.08800
2015-12-15T02:39:59.000Z,   6.02,  99.98, 32.24200
2015-12-16T02:04:59.000Z,   6.02,  99.98, -32767.00000
2015-12-17T02:29:59.000Z,   6.02,  99.98, 47.80400
2015-12-18T02:59:59.000Z,   6.02,  99.98, 49.35000
2015-12-19T02:20:00.000Z,   6.02,  99.98, 49.38800
2015-12-20T02:54:59.000Z,   6.02,  99.98, 48.64800
2015-12-21T02:09:59.000Z,   6.02,  99.98, 18.34000
2015-12-22T02:45:00.000Z,   6.02,  99.98, 49.37600
2015-12-23T02:04:59.000Z,   6.02,  99.98, -32767.00000
2015-12-24T02:34:59.000Z,   6.02,  99.98, 44.65000
2015-12-25T02:59:59.000Z,   6.02,  99.98, 43.09400
2015-12-26T02:24:59.000Z,   6.02,  99.98, 47.28600
2015-12-27T02:59:59.000Z,   6.02,  99.98, 42.44200
2015-12-28T02:14:59.000Z,   6.02,  99.98, 49.55200
2015-12-29T02:49:59.000Z,   6.02,  99.98, 41.14800
2015-12-30T02:09:59.000Z,   6.02,  99.98, 49.71600
2015-12-31T02:39:59.000Z,   6.02,  99.98, 49.62800
2016-01-01T02:05:00.000Z,   6.02,  99.98, -32767.00000
2016-01-02T02:30:00.000Z,   6.02,  99.98, -32767.00000
2016-01-03T03:00:00.000Z,   6.02,  99.98, 48.52000
2016-01-04T02:20:00.000Z,   6.02,  99.98, 49.59400
2016-01-05T02:55:00.000Z,   6.02,  99.98, 49.50600
2016-01-06T02:09:59.000Z,   6.02,  99.98, 49.69600
2016-01-07T02:44:59.000Z,   6.02,  99.98, 49.64000
2016-01-08T02:04:59.000Z,   6.02,  99.98, -32767.00000
2016-01-09T02:34:59.000Z,   6.02,  99.98, 49.94400
2016-01-10T02:59:59.000Z,   6.02,  99.98, 49.97400
2016-01-11T02:24:59.000Z,   6.02,  99.98, 50.10600
2016-01-12T02:59:59.000Z,   6.02,  99.98, 50.13600
2016-01-13T02:15:00.000Z,   6.02,  99.98, 50.28400
2016-01-14T02:49:59.000Z,   6.02,  99.98, 50.39000
2016-01-15T02:10:00.000Z,   6.02,  99.98, 38.79800
2016-01-16T02:40:00.000Z,   6.02,  99.98, 44.82000
2016-01-17T02:05:00.000Z,   6.02,  99.98, -32767.00000
2016-01-18T02:30:00.000Z,   6.02,  99.98, 26.22600
2016-01-19T03:00:00.000Z,   6.02,  99.98, 50.11200
2016-01-20T02:19:59.000Z,   6.02,  99.98, 50.94000
2016-01-21T02:55:00.000Z,   6.02,  99.98, 50.92000
2016-01-22T02:09:59.000Z,   6.02,  99.98, 51.21600
2016-01-23T02:44:59.000Z,   6.02,  99.98, 51.13400
2016-01-24T02:04:59.000Z,   6.02,  99.98, -32767.00000
2016-01-25T02:34:59.000Z,   6.02,  99.98, -32767.00000
2016-01-26T02:59:59.000Z,   6.02,  99.98, 51.17400
2016-01-27T02:24:59.000Z,   6.02,  99.98, -32767.00000
2016-01-28T02:59:59.000Z,   6.02,  99.98, 51.76800
2016-01-29T02:15:00.000Z,   6.02,  99.98, 51.70200
2016-01-30T02:49:59.000Z,   6.02,  99.98, 51.90400
2016-01-31T02:10:00.000Z,   6.02,  99.98, 43.30400
2016-02-01T02:40:00.000Z,   6.02,  99.98, 52.41600
2016-02-02T02:10:00.000Z,   6.02,  99.98, -32767.00000
2016-02-03T02:29:59.000Z,   6.02,  99.98, -32767.00000
2016-02-04T02:59:58.000Z,   6.02,  99.98, 52.99000
2016-02-05T02:19:59.000Z,   6.02,  99.98, 34.24400
2016-02-06T02:54:59.000Z,   6.02,  99.98, 14.78200
2016-02-07T02:09:59.000Z,   6.02,  99.98, 38.72400
2016-02-08T02:44:59.000Z,   6.02,  99.98, 47.00600
2016-02-09T02:14:59.000Z,   6.02,  99.98, -32767.00000
2016-02-10T02:34:59.000Z,   6.02,  99.98, 37.39000
2016-02-11T02:59:59.000Z,   6.02,  99.98, 50.04800
2016-02-12T02:25:00.000Z,   6.02,  99.98, 49.90000
2016-02-13T02:59:59.000Z,   6.02,  99.98, 53.25000
2016-02-14T02:14:58.000Z,   6.02,  99.98, 53.56800
2016-02-15T02:50:00.000Z,   6.02,  99.98, 54.12600
2016-02-16T02:09:59.000Z,   6.02,  99.98, 54.36200
2016-02-17T02:39:58.000Z,   6.02,  99.98, 54.42400
2016-02-18T02:09:59.000Z,   6.02,  99.98, -32767.00000
2016-02-19T02:29:59.000Z,   6.02,  99.98, -32767.00000
2016-02-20T02:59:59.000Z,   6.02,  99.98, 44.53400
2016-02-21T02:19:59.000Z,   6.02,  99.98, 54.68600
2016-02-22T02:54:59.000Z,   6.02,  99.98, 55.27200
2016-02-23T02:09:59.000Z,   6.02,  99.98, 55.57000
2016-02-24T02:44:59.000Z,   6.02,  99.98, 55.27000
2016-02-25T02:14:59.000Z,   6.02,  99.98, -32767.00000
2016-02-26T02:34:59.000Z,   6.02,  99.98, -32767.00000
2016-02-27T02:59:59.000Z,   6.02,  99.98, 55.81400
2016-02-28T02:25:00.000Z,   6.02,  99.98, -32767.00000
2016-02-29T02:59:59.000Z,   6.02,  99.98, 55.43800
2016-03-01T02:34:59.000Z,   6.02,  99.98, 56.13600
2016-03-02T02:50:00.000Z,   6.02,  99.98, 56.12200
2016-03-03T02:25:00.000Z,   6.02,  99.98, 54.27600
2016-03-04T02:39:59.000Z,   6.02,  99.98, 56.45800
2016-03-05T02:09:59.000Z,   6.02,  99.98, -32767.00000
2016-03-06T02:55:00.000Z,   6.02,  99.98, -32767.00000
2016-03-07T02:59:59.000Z,   6.02,  99.98, 55.76000
2016-03-08T02:45:00.000Z,   6.02,  99.98, 56.74400
2016-03-09T02:54:59.000Z,   6.02,  99.98, 56.79000
2016-03-10T02:29:59.000Z,   6.02,  99.98, 56.70400
2016-03-11T02:44:59.000Z,   6.02,  99.98, 56.93200
2016-03-12T02:19:59.000Z,   6.02,  99.98, -32767.00000
2016-03-13T02:59:59.000Z,   6.02,  99.98, -32767.00000
2016-03-14T02:59:59.000Z,   6.02,  99.98, 56.81200
2016-03-15T02:49:59.000Z,   6.02,  99.98, -32767.00000
2016-03-16T02:59:59.000Z,   6.02,  99.98, 57.41400
2016-03-17T02:39:59.000Z,   6.02,  99.98, 56.18000
2016-03-18T02:50:00.000Z,   6.02,  99.98, 57.52000
2016-03-19T02:25:00.000Z,   6.02,  99.98, 57.12200
2016-03-20T02:39:59.000Z,   6.02,  99.98, 57.53000
2016-03-21T02:14:59.000Z,   6.02,  99.98, -32767.00000
2016-03-22T02:59:59.000Z,   6.02,  99.98, -32767.00000
2016-03-23T02:59:59.000Z,   6.02,  99.98, 50.33800
2016-03-24T02:45:00.000Z,   6.02,  99.98, -32767.00000
2016-03-25T02:54:59.000Z,   6.02,  99.98, 57.64400
2016-03-26T02:34:59.000Z,   6.02,  99.98, 56.07800
2016-03-27T02:44:59.000Z,   6.02,  99.98, 57.00400
2016-03-28T02:19:59.000Z,   6.02,  99.98, -32767.00000
2016-03-29T02:59:59.000Z,   6.02,  99.98, -32767.00000
2016-03-30T02:59:59.000Z,   6.02,  99.98, 57.25600
2016-03-31T02:49:59.000Z,   6.02,  99.98, -32767.00000
2016-04-01T02:59:59.000Z,   6.02,  99.98, 57.90000
2016-04-02T02:39:59.000Z,   6.02,  99.98, 56.56400
2016-04-03T02:50:00.000Z,   6.02,  99.98, 55.45600
2016-04-04T02:25:00.000Z,   6.02,  99.98, 56.00000
2016-04-05T02:40:00.000Z,   6.02,  99.98, 57.54400
2016-04-06T02:15:00.000Z,   6.02,  99.98, -32767.00000
2016-04-07T02:59:59.000Z,   6.02,  99.98, -32767.00000
2016-04-08T02:59:59.000Z,   6.02,  99.98, 46.96800
2016-04-09T02:45:00.000Z,   6.02,  99.98, -32767.00000
2016-04-10T02:54:59.000Z,   6.02,  99.98, 57.57800
2016-04-11T02:34:59.000Z,   6.02,  99.98, 56.42600
2016-04-12T02:44:59.000Z,   6.02,  99.98, 56.17000
2016-04-13T02:19:59.000Z,   6.02,  99.98, -32767.00000
2016-04-14T02:34:59.000Z,   6.02,  99.98, -32767.00000
2016-04-15T02:59:59.000Z,   6.02,  99.98, 57.47400
2016-04-16T02:49:59.000Z,   6.02,  99.98, -32767.00000
2016-04-17T02:59:59.000Z,   6.02,  99.98, 57.19200
2016-04-18T02:39:59.000Z,   6.02,  99.98, 49.60200
2016-04-19T02:50:00.000Z,   6.02,  99.98, 57.14400
2016-04-20T02:25:00.000Z,   6.02,  99.98, 52.83800
2016-04-21T02:40:00.000Z,   6.02,  99.98, 57.06800
2016-04-22T02:15:00.000Z,   6.02,  99.98, -32767.00000
2016-04-23T02:59:59.000Z,   6.02,  99.98, -32767.00000
2016-04-24T02:59:59.000Z,   6.02,  99.98, 54.93400
2016-04-25T02:45:00.000Z,   6.02,  99.98, -32767.00000
2016-04-26T02:54:59.000Z,   6.02,  99.98, 55.13600
2016-04-27T02:34:59.000Z,   6.02,  99.98, 53.86400
2016-04-28T02:44:59.000Z,   6.02,  99.98, 56.63400
2016-04-29T02:19:59.000Z,   6.02,  99.98, -32767.00000
2016-04-30T02:59:59.000Z,   6.02,  99.98, -32767.00000
2016-05-01T02:09:59.000Z,   6.02,  99.98, 43.82200
2016-05-02T02:49:59.000Z,   6.02,  99.98, -32767.00000
2016-05-03T02:59:59.000Z,   6.02,  99.98, 46.53600
2016-05-04T02:39:59.000Z,   6.02,  99.98, 52.34200
2016-05-05T02:50:00.000Z,   6.02,  99.98, 56.32400
2016-05-06T02:25:00.000Z,   6.02,  99.98, 54.62400
2016-05-07T02:40:00.000Z,   6.02,  99.98, 45.56600
2016-05-08T02:15:00.000Z,   6.02,  99.98, -32767.00000
2016-05-09T02:59:59.000Z,   6.02,  99.98, -32767.00000
2016-05-10T02:59:59.000Z,   6.02,  99.98, 55.62800
2016-05-11T02:45:00.000Z,   6.02,  99.98, 55.02000
2016-05-12T02:54:59.000Z,   6.02,  99.98, 47.73200
2016-05-13T02:34:59.000Z,   6.02,  99.98, 50.46400
2016-05-14T02:44:59.000Z,   6.02,  99.98, 44.69000
2016-05-15T02:19:59.000Z,   6.02,  99.98, -32767.00000
2016-05-16T02:59:59.000Z,   6.02,  99.98, 45.60200
2016-05-17T02:09:59.000Z,   6.02,  99.98, 43.92800
2016-05-18T02:49:59.000Z,   6.02,  99.98, -32767.00000
2016-05-19T02:59:59.000Z,   6.02,  99.98, 55.26000
2016-05-20T02:39:59.000Z,   6.02,  99.98, 23.38400
2016-05-21T02:50:00.000Z,   6.02,  99.98, 42.48800
2016-05-22T02:25:00.000Z,   6.02,  99.98, 18.18000
2016-05-23T02:40:00.000Z,   6.02,  99.98, 25.31200
2016-05-24T02:15:00.000Z,   6.02,  99.98, -32767.00000
2016-05-25T02:54:59.000Z,   6.02,  99.98, -32767.00000
2016-05-26T02:59:59.000Z,   6.02,  99.98, 44.03200
2016-05-27T02:45:00.000Z,   6.02,  99.98, 47.34400
2016-05-28T02:54:59.000Z,   6.02,  99.98, 29.95600
2016-05-29T02:29:59.000Z,   6.02,  99.98, 46.78200
2016-05-30T02:44:59.000Z,   6.02,  99.98, 37.76800
2016-05-31T02:19:59.000Z,   6.02,  99.98, -32767.00000
2016-06-01T02:59:59.000Z,   6.02,  99.98, 54.47000
2016-06-02T02:09:59.000Z,   6.02,  99.98, 52.47200
2016-06-03T02:49:59.000Z,   6.02,  99.98, -32767.00000
2016-06-04T02:59:59.000Z,   6.02,  99.98, 44.96200
2016-06-05T02:39:59.000Z,   6.02,  99.98, 54.72400
2016-06-06T02:50:00.000Z,   6.02,  99.98, 54.64200
2016-06-07T02:25:00.000Z,   6.02,  99.98, 50.20200
2016-06-08T02:40:00.000Z,   6.02,  99.98, 47.18200
2016-06-09T02:15:00.000Z,   6.02,  99.98, -32767.00000
2016-06-10T02:54:59.000Z,   6.02,  99.98, -32767.00000
2016-06-11T02:59:59.000Z,   6.02,  99.98, 53.76800
2016-06-12T02:45:00.000Z,   6.02,  99.98, 54.10200
2016-06-13T02:54:59.000Z,   6.02,  99.98, 47.27800
2016-06-14T02:29:59.000Z,   6.02,  99.98, 49.44400
2016-06-15T02:44:59.000Z,   6.02,  99.98, 47.61600
2016-06-16T02:19:59.000Z,   6.02,  99.98, -32767.00000
2016-06-17T02:59:59.000Z,   6.02,  99.98, 47.38800
2016-06-18T02:09:59.000Z,   6.02,  99.98, 12.07400
2016-06-19T02:49:59.000Z,   6.02,  99.98, 45.05400
2016-06-20T02:59:59.000Z,   6.02,  99.98, 33.45400
2016-06-21T02:39:59.000Z,   6.02,  99.98, 18.18400
2016-06-22T02:50:00.000Z,   6.02,  99.98, 47.93200
2016-06-23T02:25:00.000Z,   6.02,  99.98, 47.37000
2016-06-24T02:40:00.000Z,   6.02,  99.98, 54.17200
2016-06-25T02:15:00.000Z,   6.02,  99.98, -32767.00000
2016-06-26T02:54:59.000Z,   6.02,  99.98, -32767.00000
2016-06-27T02:59:58.000Z,   6.02,  99.98, 33.23600
2016-06-28T02:45:00.000Z,   6.02,  99.98, 30.79600
2016-06-29T02:54:59.000Z,   6.02,  99.98, 22.87800
2016-06-30T02:29:59.000Z,   6.02,  99.98, 23.43600
2016-07-01T02:44:59.000Z,   6.02,  99.98, 50.04000
2016-07-02T02:19:59.000Z,   6.02,  99.98, -32767.00000
2016-07-03T02:59:58.000Z,   6.02,  99.98, 53.98000
2016-07-04T02:04:59.000Z,   6.02,  99.98, 53.97000
2016-07-05T02:49:59.000Z,   6.02,  99.98, 53.34000
2016-07-06T02:59:59.000Z,   6.02,  99.98, 51.90000
2016-07-07T02:39:59.000Z,   6.02,  99.98, 22.04400
2016-07-08T02:49:59.000Z,   6.02,  99.98, 47.04200
2016-07-09T02:24:59.000Z,   6.02,  99.98, 48.12800
2016-07-10T02:40:00.000Z,   6.02,  99.98, 53.49800
2016-07-11T02:15:00.000Z,   6.02,  99.98, -32767.00000
2016-07-12T02:54:59.000Z,   6.02,  99.98, -32767.00000
2016-07-13T03:00:00.000Z,   6.02,  99.98, 24.48600
2016-07-14T02:45:00.000Z,   6.02,  99.98, 50.00200
2016-07-15T02:54:59.000Z,   6.02,  99.98, 44.88000
2016-07-16T02:29:59.000Z,   6.02,  99.98, 54.25200
2016-07-17T02:44:59.000Z,   6.02,  99.98, 54.04200
2016-07-18T02:19:59.000Z,   6.02,  99.98, -32767.00000
2016-07-19T03:00:00.000Z,   6.02,  99.98, -32767.00000
2016-07-20T02:04:59.000Z,   6.02,  99.98, 18.21200
2016-07-21T02:49:59.000Z,   6.02,  99.98, 37.61200
2016-07-22T02:59:59.000Z,   6.02,  99.98, 54.42600
2016-07-23T02:39:59.000Z,   6.02,  99.98, 52.61400
2016-07-24T02:49:59.000Z,   6.02,  99.98, 54.38000
2016-07-25T02:24:59.000Z,   6.02,  99.98, 41.20000
2016-07-26T02:40:00.000Z,   6.02,  99.98, 54.54800
2016-07-27T02:15:00.000Z,   6.02,  99.98, -32767.00000
2016-07-28T02:54:59.000Z,   6.02,  99.98, -32767.00000
2016-07-29T03:00:00.000Z,   6.02,  99.98, 54.49000
2016-07-30T02:44:59.000Z,   6.02,  99.98, 40.00400
2016-07-31T02:54:58.000Z,   6.02,  99.98, 54.84000
2016-08-01T02:29:58.000Z,   6.02,  99.98, 46.22600
2016-08-02T02:44:59.000Z,   6.02,  99.98, 54.97000
2016-08-03T02:19:59.000Z,   6.02,  99.98, -32767.00000
2016-08-04T03:00:00.000Z,   6.02,  99.98, -32767.00000
2016-08-05T02:04:59.000Z,   6.02,  99.98, 52.67600
2016-08-06T02:49:59.000Z,   6.02,  99.98, 55.10600
2016-08-07T02:59:59.000Z,   6.02,  99.98, 44.66600
2016-08-08T02:39:59.000Z,   6.02,  99.98, 32.27000
2016-08-09T02:49:59.000Z,   6.02,  99.98, 50.35000
2016-08-10T02:24:59.000Z,   6.02,  99.98, 43.62600
2016-08-11T02:40:00.000Z,   6.02,  99.98, 46.89800
2016-08-12T02:15:00.000Z,   6.02,  99.98, -32767.00000
2016-08-13T02:54:59.000Z,   6.02,  99.98, -32767.00000
2016-08-14T03:00:00.000Z,   6.02,  99.98, 34.57000
2016-08-15T02:44:59.000Z,   6.02,  99.98, 52.05800
2016-08-16T02:55:00.000Z,   6.02,  99.98, 46.41800
2016-08-17T02:30:00.000Z,   6.02,  99.98, 47.41000
2016-08-18T02:44:59.000Z,   6.02,  99.98, 46.42400
2016-08-19T02:19:59.000Z,   6.02,  99.98, -32767.00000
2016-08-20T03:00:00.000Z,   6.02,  99.98, -32767.00000
2016-08-21T02:59:59.000Z,   6.02,  99.98, 50.30400
2016-08-22T02:50:00.000Z,   6.02,  99.98, -32767.00000
2016-08-23T02:59:59.000Z,   6.02,  99.98, 44.25600
2016-08-24T02:39:59.000Z,   6.02,  99.98, 56.53400
2016-08-25T02:49:59.000Z,   6.02,  99.98, 18.76800
2016-08-26T02:24:59.000Z,   6.02,  99.98, 51.37000
2016-08-27T02:39:59.000Z,   6.02,  99.98, 40.25800
2016-08-28T02:14:59.000Z,   6.02,  99.98, -32767.00000
2016-08-29T02:54:59.000Z,   6.02,  99.98, -32767.00000
2016-08-30T03:00:00.000Z,   6.02,  99.98, 55.84800
2016-08-31T02:44:59.000Z,   6.02,  99.98, 48.41600
2016-09-01T02:55:00.000Z,   6.02,  99.98, 22.42000
2016-09-02T02:30:00.000Z,   6.02,  99.98, 56.73200
2016-09-03T02:44:59.000Z,   6.02,  99.98, 52.20800
2016-09-04T02:20:00.000Z,   6.02,  99.98, -32767.00000
2016-09-05T03:00:00.000Z,   6.02,  99.98, -32767.00000
2016-09-06T02:59:59.000Z,   6.02,  99.98, 15.52000
2016-09-07T02:50:00.000Z,   6.02,  99.98, -32767.00000
2016-09-08T02:59:59.000Z,   6.02,  99.98, 10.40800
2016-09-09T02:39:59.000Z,   6.02,  99.98, 56.72800
2016-09-10T02:49:59.000Z,   6.02,  99.98, 56.65200
2016-09-11T02:24:59.000Z,   6.02,  99.98, 56.82200
2016-09-12T02:39:59.000Z,   6.02,  99.98, 56.78000
2016-09-13T02:14:59.000Z,   6.02,  99.98, -32767.00000
2016-09-14T02:54:59.000Z,   6.02,  99.98, -32767.00000
2016-09-15T02:59:59.000Z,   6.02,  99.98, 55.09800
2016-09-16T02:44:59.000Z,   6.02,  99.98, -32767.00000
2016-09-17T02:55:00.000Z,   6.02,  99.98, 56.36800
2016-09-18T02:30:00.000Z,   6.02,  99.98, 39.35200
2016-09-19T02:39:59.000Z,   6.02,  99.98, 48.26600
2016-09-20T02:20:00.000Z,   6.02,  99.98, -32767.00000
2016-09-21T02:59:59.000Z,   6.02,  99.98, -32767.00000
2016-09-22T02:59:59.000Z,   6.02,  99.98, 29.33800
2016-09-23T02:50:00.000Z,   6.02,  99.98, -32767.00000
2016-09-24T02:59:59.000Z,   6.02,  99.98, 55.57600
2016-09-25T02:40:00.000Z,   6.02,  99.98, -32767.00000
2016-09-26T02:44:59.000Z,   6.02,  99.98, 56.36200
2016-09-27T02:24:59.000Z,   6.02,  99.98, 46.15600
2016-09-28T02:39:59.000Z,   6.02,  99.98, 49.41400
2016-09-29T02:09:59.000Z,   6.02,  99.98, -32767.00000
2016-09-30T02:54:59.000Z,   6.02,  99.98, -32767.00000
2016-10-01T02:59:59.000Z,   6.02,  99.98, 46.79000
2016-10-02T02:44:59.000Z,   6.02,  99.98, -32767.00000
2016-10-03T02:55:00.000Z,   6.02,  99.98, 55.95000
2016-10-04T02:30:00.000Z,   6.02,  99.98, 31.08400
2016-10-05T02:40:00.000Z,   6.02,  99.98, 55.22800
2016-10-06T02:20:00.000Z,   6.02,  99.98, -32767.00000
2016-10-07T02:34:59.000Z,   6.02,  99.98, -32767.00000
2016-10-08T02:59:59.000Z,   6.02,  99.98, 55.21800
2016-10-09T02:24:59.000Z,   6.02,  99.98, -32767.00000
2016-10-10T02:59:59.000Z,   6.02,  99.98, 33.83200
2016-10-11T02:34:59.000Z,   6.02,  99.98, -32767.00000
2016-10-12T02:49:59.000Z,   6.02,  99.98, 48.56400
2016-10-13T02:24:59.000Z,   6.02,  99.98, 51.23000
2016-10-14T02:39:59.000Z,   6.02,  99.98, 51.91800
2016-10-15T02:09:59.000Z,   6.02,  99.98, -32767.00000
2016-10-16T02:30:00.000Z,   6.02,  99.98, -32767.00000
2016-10-17T02:59:59.000Z,   6.02,  99.98, 25.14800
2016-10-18T02:20:00.000Z,   6.02,  99.98, -32767.00000
2016-10-19T02:55:00.000Z,   6.02,  99.98, 45.50600
2016-10-20T02:09:59.000Z,   6.02,  99.98,  7.65000
2016-10-21T02:39:59.000Z,   6.02,  99.98, 40.64800
2016-10-22T02:14:59.000Z,   6.02,  99.98, -32767.00000
2016-10-23T02:34:59.000Z,   6.02,  99.98, 50.22000
2016-10-24T02:59:59.000Z,   6.02,  99.98, 47.77000
2016-10-25T02:24:59.000Z,   6.02,  99.98, -32767.00000
2016-10-26T02:59:59.000Z,   6.02,  99.98, 46.58000
2016-10-27T02:14:59.000Z,   6.02,  99.98, 31.91000
2016-10-28T02:49:59.000Z,   6.02,  99.98, 52.81400
2016-10-29T02:10:00.000Z,   6.02,  99.98,  4.29000
2016-10-30T02:39:59.000Z,   6.02,  99.98, 53.63000
2016-10-31T02:10:00.000Z,   6.02,  99.98, -32767.00000
2016-11-01T02:30:00.000Z,   6.02,  99.98, -32767.00000
2016-11-02T03:00:00.000Z,   6.02,  99.98, 33.89400
2016-11-03T02:19:59.000Z,   6.02,  99.98, 53.29400
2016-11-04T02:55:00.000Z,   6.02,  99.98, 53.18000
2016-11-05T02:09:59.000Z,   6.02,  99.98,  8.90000
2016-11-06T02:44:59.000Z,   6.02,  99.98, 42.17600
2016-11-07T02:04:59.000Z,   6.02,  99.98, -32767.00000
2016-11-08T02:34:59.000Z,   6.02,  99.98, 15.28400
2016-11-09T02:59:59.000Z,   6.02,  99.98, 51.13000
2016-11-10T02:24:59.000Z,   6.02,  99.98, -32767.00000
2016-11-11T02:59:59.000Z,   6.02,  99.98, 52.30000
2016-11-12T02:15:00.000Z,   6.02,  99.98, 45.49800
2016-11-13T02:49:59.000Z,   6.02,  99.98, 37.13800
2016-11-14T02:10:00.000Z,   6.02,  99.98, 40.95000
2016-11-15T02:40:00.000Z,   6.02,  99.98, 49.70600
2016-11-16T02:05:00.000Z,   6.02,  99.98, -32767.00000
2016-11-17T02:30:00.000Z,   6.02,  99.98, 48.76200
2016-11-18T03:00:00.000Z,   6.02,  99.98, 51.70400
2016-11-19T02:19:59.000Z,   6.02,  99.98, 35.98200
2016-11-20T02:55:00.000Z,   6.02,  99.98, 51.37600
2016-11-21T02:09:59.000Z,   6.02,  99.98, 36.60800
2016-11-22T02:44:59.000Z,   6.02,  99.98, 50.55800
2016-11-23T02:04:59.000Z,   6.02,  99.98, -32767.00000
2016-11-24T02:34:59.000Z,   6.02,  99.98, 44.57200
2016-11-25T02:59:59.000Z,   6.02,  99.98, 47.15200
2016-11-26T02:24:59.000Z,   6.02,  99.98, 50.94800
2016-11-27T02:59:59.000Z,   6.02,  99.98, 49.39000
2016-11-28T02:15:00.000Z,   6.02,  99.98, 44.94400
2016-11-29T02:49:59.000Z,   6.02,  99.98, 50.50600
2016-11-30T02:10:00.000Z,   6.02,  99.98, 18.30800
2016-12-01T02:40:00.000Z,   6.02,  99.98, 28.70600
2016-12-02T02:04:59.000Z,   6.02,  99.98, -32767.00000
2016-12-03T02:29:59.000Z,   6.02,  99.98, -32767.00000
2016-12-04T03:00:00.000Z,   6.02,  99.98, 30.60600
2016-12-05T02:19:59.000Z,   6.02,  99.98, 45.53000
2016-12-06T02:54:59.000Z,   6.02,  99.98, 19.97400
2016-12-07T02:09:59.000Z,   6.02,  99.98, 18.35200
2016-12-08T02:44:59.000Z,   6.02,  99.98, 49.60800
2016-12-09T02:04:59.000Z,   6.02,  99.98, -32767.00000
2016-12-10T02:34:59.000Z,   6.02,  99.98, 41.84000
2016-12-11T02:59:59.000Z,   6.02,  99.98, 49.38200
2016-12-12T02:25:00.000Z,   6.02,  99.98, 48.54600
2016-12-13T02:59:59.000Z,   6.02,  99.98, 13.74400
2016-12-14T02:15:00.000Z,   6.02,  99.98, 21.83000
2016-12-15T02:50:00.000Z,   6.02,  99.98, 48.34000
2016-12-16T02:09:59.000Z,   6.02,  99.98, 47.66000
2016-12-17T02:39:59.000Z,   6.02,  99.98, 47.02000
2016-12-18T02:04:59.000Z,   6.02,  99.98, -32767.00000
2016-12-19T02:29:59.000Z,   6.02,  99.98, 44.26600
2016-12-20T02:59:59.000Z,   6.02,  99.98, 18.49600
2016-12-21T02:19:59.000Z,   6.02,  99.98,  7.50000
2016-12-22T02:54:59.000Z,   6.02,  99.98, 48.91400
2016-12-23T02:10:00.000Z,   6.02,  99.98, 49.38200
2016-12-24T02:44:59.000Z,   6.02,  99.98, 21.44600
2016-12-25T02:05:00.000Z,   6.02,  99.98, -32767.00000
2016-12-26T02:35:00.000Z,   6.02,  99.98, 49.48000
2016-12-27T03:00:00.000Z,   6.02,  99.98, 32.97800
2016-12-28T02:25:00.000Z,   6.02,  99.98, 44.30600
2016-12-29T03:00:00.000Z,   6.02,  99.98, 49.39800
2016-12-30T02:14:59.000Z,   6.02,  99.98, 41.64200
2016-12-31T02:50:00.000Z,   6.02,  99.98, 46.16200
2017-01-01T02:09:59.000Z,   6.02,  99.98, 16.23800
2017-01-02T02:39:59.000Z,   6.02,  99.98, 13.37200
2017-01-03T02:05:00.000Z,   6.02,  99.98, -32767.00000
2017-01-04T02:30:00.000Z,   6.02,  99.98, 45.06200
2017-01-05T03:00:00.000Z,   6.02,  99.98, 44.45800
2017-01-06T02:20:00.000Z,   6.02,  99.98, 36.50600
2017-01-07T02:55:00.000Z,   6.02,  99.98, 35.26000
2017-01-08T02:09:59.000Z,   6.02,  99.98, 25.79000
2017-01-09T02:44:59.000Z,   6.02,  99.98,  9.53800
2017-01-10T02:04:59.000Z,   6.02,  99.98, -32767.00000
2017-01-11T02:34:59.000Z,   6.02,  99.98, 50.14000
2017-01-12T02:59:59.000Z,   6.02,  99.98, 43.05000
2017-01-13T02:24:59.000Z,   6.02,  99.98, 50.43200
2017-01-14T02:59:59.000Z,   6.02,  99.98, 50.11400
2017-01-15T02:14:59.000Z,   6.02,  99.98, 50.61000
2017-01-16T02:49:59.000Z,   6.02,  99.98, 50.54000
2017-01-17T02:10:00.000Z,   6.02,  99.98, 48.99200
2017-01-18T02:40:00.000Z,   6.02,  99.98, 50.70600
2017-01-19T02:05:00.000Z,   6.02,  99.98, -32767.00000
2017-01-20T02:30:00.000Z,   6.02,  99.98, -32767.00000
2017-01-21T03:00:00.000Z,   6.02,  99.98, 44.11200
2017-01-22T02:19:59.000Z,   6.02,  99.98, 33.93000
2017-01-23T02:54:58.000Z,   6.02,  99.98, 48.43000
2017-01-24T02:09:59.000Z,   6.02,  99.98, 30.74800
2017-01-25T02:44:59.000Z,   6.02,  99.98, 37.50200
2017-01-26T02:04:59.000Z,   6.02,  99.98, -32767.00000
2017-01-27T02:34:59.000Z,   6.02,  99.98, 51.79000
2017-01-28T02:59:59.000Z,   6.02,  99.98, 36.21600
2017-01-29T02:24:59.000Z,   6.02,  99.98, -32767.00000
2017-01-30T02:59:59.000Z,   6.02,  99.98, 52.23400
2017-01-31T02:15:00.000Z,   6.02,  99.98, 47.59600
2017-02-01T02:49:59.000Z,   6.02,  99.98, 52.67000
2017-02-02T02:10:00.000Z,   6.02,  99.98, 50.80400
2017-02-03T02:40:00.000Z,   6.02,  99.98, 40.62600
2017-02-04T02:10:00.000Z,   6.02,  99.98, -32767.00000
2017-02-05T02:29:59.000Z,   6.02,  99.98, 53.05400
2017-02-06T03:00:00.000Z,   6.02,  99.98, 49.18400
2017-02-07T02:19:59.000Z,   6.02,  99.98, 52.33200
2017-02-08T02:54:59.000Z,   6.02,  99.98, 53.57400
2017-02-09T02:09:59.000Z,   6.02,  99.98, 53.85200
2017-02-10T02:44:59.000Z,   6.02,  99.98, 53.77200
2017-02-11T02:14:59.000Z,   6.02,  99.98, -32767.00000
2017-02-12T02:34:59.000Z,   6.02,  99.98, 41.99000
2017-02-13T02:59:59.000Z,   6.02,  99.98, 54.17400
2017-02-14T02:25:00.000Z,   6.02,  99.98, -32767.00000
2017-02-15T02:59:59.000Z,   6.02,  99.98, 50.70200
2017-02-16T02:15:00.000Z,   6.02,  99.98, 54.58400
2017-02-17T02:50:00.000Z,   6.02,  99.98, 54.48000
2017-02-18T02:20:00.000Z,   6.02,  99.98, 54.85400
2017-02-19T02:40:00.000Z,   6.02,  99.98, 54.53400
2017-02-20T02:10:00.000Z,   6.02,  99.98, -32767.00000
2017-02-21T02:29:59.000Z,   6.02,  99.98, -32767.00000
2017-02-22T03:00:00.000Z,   6.02,  99.98, 47.64000
2017-02-23T02:19:59.000Z,   6.02,  99.98, 32.83800
2017-02-24T02:54:59.000Z,   6.02,  99.98, 18.01000
2017-02-25T02:29:59.000Z,   6.02,  99.98, 55.53400
2017-02-26T02:44:59.000Z,   6.02,  99.98, 54.31600
2017-02-27T02:14:59.000Z,   6.02,  99.98, -32767.00000
2017-02-28T02:34:59.000Z,   6.02,  99.98, -32767.00000
2017-03-01T02:59:59.000Z,   6.02,  99.98, 33.29400
2017-03-02T02:25:00.000Z,   6.02,  99.98, -32767.00000
2017-03-03T02:59:59.000Z,   6.02,  99.98, 53.30600
2017-03-04T02:34:59.000Z,   6.02,  99.98, 56.37200
2017-03-05T02:50:00.000Z,   6.02,  99.98, 49.16200
2017-03-06T02:25:00.000Z,   6.02,  99.98, 49.30800
2017-03-07T02:40:00.000Z,   6.02,  99.98, 56.35800
2017-03-08T02:10:00.000Z,   6.02,  99.98, -32767.00000
2017-03-09T02:54:59.000Z,   6.02,  99.98, -32767.00000
2017-03-10T02:59:59.000Z,   6.02,  99.98, 56.94800
2017-03-11T02:45:00.000Z,   6.02,  99.98, 57.03400
2017-03-12T02:54:59.000Z,   6.02,  99.98, 56.94400
2017-03-13T02:29:59.000Z,   6.02,  99.98, 57.26600
2017-03-14T02:44:59.000Z,   6.02,  99.98, 57.05400
2017-03-15T02:19:59.000Z,   6.02,  99.98, -32767.00000
2017-03-16T03:00:00.000Z,   6.02,  99.98, -32767.00000
2017-03-17T02:59:59.000Z,   6.02,  99.98, 34.97000
2017-03-18T02:49:59.000Z,   6.02,  99.98, -32767.00000
2017-03-19T02:59:59.000Z,   6.02,  99.98, 55.29200
2017-03-20T02:39:59.000Z,   6.02,  99.98, 54.46400
2017-03-21T02:50:00.000Z,   6.02,  99.98, 35.01800
2017-03-22T02:25:00.000Z,   6.02,  99.98, 57.51000
2017-03-23T02:40:00.000Z,   6.02,  99.98, 57.34600
2017-03-24T02:15:00.000Z,   6.02,  99.98, -32767.00000
2017-03-25T02:59:59.000Z,   6.02,  99.98, -32767.00000
2017-03-26T03:00:00.000Z,   6.02,  99.98, 57.47400
2017-03-27T02:45:00.000Z,   6.02,  99.98, 57.69000
2017-03-28T02:54:59.000Z,   6.02,  99.98, 28.63600
2017-03-29T02:35:00.000Z,   6.02,  99.98, 49.99000
2017-03-30T02:44:59.000Z,   6.02,  99.98, 55.79800
2017-03-31T02:19:59.000Z,   6.02,  99.98, -32767.00000
2017-04-01T03:00:00.000Z,   6.02,  99.98, -32767.00000
2017-04-02T02:59:59.000Z,   6.02,  99.98, 55.77800
2017-04-03T02:49:59.000Z,   6.02,  99.98, -32767.00000
2017-04-04T02:59:59.000Z,   6.02,  99.98, 45.72000
2017-04-05T02:39:59.000Z,   6.02,  99.98, 42.74400
2017-04-06T02:50:00.000Z,   6.02,  99.98, 17.30400
2017-04-07T02:25:00.000Z,   6.02,  99.98, 57.45400
2017-04-08T02:40:00.000Z,   6.02,  99.98, 40.62000
2017-04-09T02:15:00.000Z,   6.02,  99.98, -32767.00000
2017-04-10T02:54:59.000Z,   6.02,  99.98, -32767.00000
2017-04-11T03:00:00.000Z,   6.02,  99.98, 57.25600
2017-04-12T02:45:00.000Z,   6.02,  99.98, -32767.00000
2017-04-13T02:54:59.000Z,   6.02,  99.98, 56.69600
2017-04-14T02:35:00.000Z,   6.02,  99.98, 54.13800
2017-04-15T02:44:59.000Z,   6.02,  99.98, 57.26800
2017-04-16T02:19:59.000Z,   6.02,  99.98, -32767.00000
2017-04-17T03:00:00.000Z,   6.02,  99.98, -32767.00000
2017-04-18T02:59:59.000Z,   6.02,  99.98, 54.97600
2017-04-19T02:49:59.000Z,   6.02,  99.98, -32767.00000
2017-04-20T02:59:59.000Z,   6.02,  99.98, 47.91600
2017-04-21T02:39:59.000Z,   6.02,  99.98, 56.96600
2017-04-22T02:50:00.000Z,   6.02,  99.98, 56.24600
2017-04-23T02:24:59.000Z,   6.02,  99.98, 54.50200
2017-04-24T02:40:00.000Z,   6.02,  99.98, 53.45200
2017-04-25T02:15:00.000Z,   6.02,  99.98, -32767.00000
2017-04-26T02:54:59.000Z,   6.02,  99.98, -32767.00000
2017-04-27T03:00:00.000Z,   6.02,  99.98, 36.36400
2017-04-28T02:45:00.000Z,   6.02,  99.98, 38.57200
2017-04-29T02:54:59.000Z,   6.02,  99.98, 55.38600
2017-04-30T02:29:59.000Z,   6.02,  99.98, 55.18400
2017-05-01T02:44:59.000Z,   6.02,  99.98, 56.32600
2017-05-02T02:19:59.000Z,   6.02,  99.98, -32767.00000
2017-05-03T03:00:00.000Z,   6.02,  99.98, -32767.00000
2017-05-04T02:09:59.000Z,   6.02,  99.98, 55.74800
2017-05-05T02:49:59.000Z,   6.02,  99.98, -32767.00000
2017-05-06T02:59:59.000Z,   6.02,  99.98, 49.91200
2017-05-07T02:39:59.000Z,   6.02,  99.98, 51.28400
2017-05-08T02:50:00.000Z,   6.02,  99.98, 55.86400
2017-05-09T02:24:59.000Z,   6.02,  99.98, 55.90800
2017-05-10T02:40:00.000Z,   6.02,  99.98, 54.37400
2017-05-11T02:15:00.000Z,   6.02,  99.98, -32767.00000
2017-05-12T02:54:59.000Z,   6.02,  99.98, -32767.00000
2017-05-13T03:00:00.000Z,   6.02,  99.98, 25.44800
2017-05-14T02:45:00.000Z,   6.02,  99.98, 49.95200
2017-05-15T02:54:59.000Z,   6.02,  99.98, 54.16600
2017-05-16T02:29:59.000Z,   6.02,  99.98, 30.32400
2017-05-17T02:44:59.000Z,   6.02,  99.98, 55.31000
2017-05-18T02:19:59.000Z,   6.02,  99.98, -32767.00000
2017-05-19T02:59:59.000Z,   6.02,  99.98, -32767.00000
2017-05-20T02:09:59.000Z,   6.02,  99.98, 50.36600
2017-05-21T02:49:59.000Z,   6.02,  99.98, -32767.00000
2017-05-22T02:59:59.000Z,   6.02,  99.98, 50.02600
2017-05-23T02:39:59.000Z,   6.02,  99.98, 30.01400
2017-05-24T02:50:00.000Z,   6.02,  99.98, 48.09000
2017-05-25T02:25:00.000Z,   6.02,  99.98, 42.64600
2017-05-26T02:40:00.000Z,   6.02,  99.98, 53.73000
2017-05-27T02:15:00.000Z,   6.02,  99.98, -32767.00000
2017-05-28T02:54:59.000Z,   6.02,  99.98, 31.04000
2017-05-29T02:59:59.000Z,   6.02,  99.98, 32.00400
2017-05-30T02:45:00.000Z,   6.02,  99.98, 54.19600
2017-05-31T02:54:59.000Z,   6.02,  99.98, 44.35000
2017-06-01T02:29:59.000Z,   6.02,  99.98, 33.24800
2017-06-02T02:44:59.000Z,   6.02,  99.98, 54.47000
2017-06-03T02:19:59.000Z,   6.02,  99.98, -32767.00000
2017-06-04T02:59:59.000Z,   6.02,  99.98, 53.30000
2017-06-05T02:09:59.000Z,   6.02,  99.98, 43.46400
2017-06-06T02:49:59.000Z,   6.02,  99.98, 49.52600
2017-06-07T02:59:59.000Z,   6.02,  99.98, 34.05200
2017-06-08T02:39:59.000Z,   6.02,  99.98, 47.63800
2017-06-09T02:50:00.000Z,   6.02,  99.98, 54.46600
2017-06-10T02:25:00.000Z,   6.02,  99.98, 53.70800
2017-06-11T02:40:00.000Z,   6.02,  99.98, 52.75000
2017-06-12T02:15:00.000Z,   6.02,  99.98, -32767.00000
2017-06-13T02:54:59.000Z,   6.02,  99.98, -32767.00000
2017-06-14T02:59:59.000Z,   6.02,  99.98, 44.50000
2017-06-15T02:45:00.000Z,   6.02,  99.98, 42.73400
2017-06-16T02:54:59.000Z,   6.02,  99.98, 54.22400
2017-06-17T02:29:59.000Z,   6.02,  99.98, 54.31600
2017-06-18T02:44:59.000Z,   6.02,  99.98, 10.54800
2017-06-19T02:19:59.000Z,   6.02,  99.98, -32767.00000
2017-06-20T02:59:59.000Z,   6.02,  99.98, 53.86200
2017-06-21T02:04:59.000Z,   6.02,  99.98, 38.38200
2017-06-22T02:49:59.000Z,   6.02,  99.98, 18.93200
2017-06-23T02:59:59.000Z,   6.02,  99.98,  5.45600
2017-06-24T02:39:59.000Z,   6.02,  99.98, 23.59200
2017-06-25T02:50:00.000Z,   6.02,  99.98, 23.50200
2017-06-26T02:25:00.000Z,   6.02,  99.98, 50.74000
2017-06-27T02:40:00.000Z,   6.02,  99.98, 36.94600
2017-06-28T02:15:00.000Z,   6.02,  99.98, -32767.00000
2017-06-29T02:54:59.000Z,   6.02,  99.98, -32767.00000
2017-06-30T02:59:59.000Z,   6.02,  99.98,  6.74600
2017-07-01T02:45:00.000Z,   6.02,  99.98, 53.37200
2017-07-02T02:54:59.000Z,   6.02,  99.98, 47.40200
2017-07-03T02:29:59.000Z,   6.02,  99.98, 53.18200
2017-07-04T02:44:59.000Z,   6.02,  99.98, 54.30400
2017-07-05T02:19:59.000Z,   6.02,  99.98, -32767.00000
2017-07-06T02:59:59.000Z,   6.02,  99.98, -32767.00000
2017-07-07T02:04:59.000Z,   6.02,  99.98, 44.46600
2017-07-08T02:49:59.000Z,   6.02,  99.98, 46.28200
2017-07-09T02:59:59.000Z,   6.02,  99.98, 39.75600
2017-07-10T02:39:59.000Z,   6.02,  99.98, 53.87800
2017-07-11T02:50:00.000Z,   6.02,  99.98, 52.78000
2017-07-12T02:25:00.000Z,   6.02,  99.98, 12.51600
2017-07-13T02:40:00.000Z,   6.02,  99.98, 16.58400
2017-07-14T02:15:00.000Z,   6.02,  99.98, -32767.00000
2017-07-15T02:54:59.000Z,   6.02,  99.98, -32767.00000
2017-07-16T02:59:58.000Z,   6.02,  99.98, 43.85600
2017-07-17T02:45:00.000Z,   6.02,  99.98, 29.88800
2017-07-18T02:54:59.000Z,   6.02,  99.98, 52.91000
2017-07-19T02:29:59.000Z,   6.02,  99.98, 53.44200
2017-07-20T02:44:59.000Z,   6.02,  99.98, 46.30400
2017-07-21T02:19:59.000Z,   6.02,  99.98, -32767.00000
2017-07-22T03:00:00.000Z,   6.02,  99.98, 51.71600
2017-07-23T02:04:59.000Z,   6.02,  99.98, 19.61400
2017-07-24T02:49:59.000Z,   6.02,  99.98, 50.27800
2017-07-25T02:59:59.000Z,   6.02,  99.98, 53.70400
2017-07-26T02:39:59.000Z,   6.02,  99.98, 37.12400
2017-07-27T02:49:59.000Z,   6.02,  99.98, 52.74000
2017-07-28T02:24:59.000Z,   6.02,  99.98, 32.22400
2017-07-29T02:40:00.000Z,   6.02,  99.98, 44.32200
2017-07-30T02:15:00.000Z,   6.02,  99.98, -32767.00000
2017-07-31T02:54:59.000Z,   6.02,  99.98, -32767.00000
2017-08-01T03:00:00.000Z,   6.02,  99.98, 32.24400
2017-08-02T02:45:00.000Z,   6.02,  99.98, 54.90400
2017-08-03T02:54:59.000Z,   6.02,  99.98, 39.38800
2017-08-04T02:30:00.000Z,   6.02,  99.98, 40.28600
2017-08-05T02:44:59.000Z,   6.02,  99.98, 32.50800
2017-08-06T02:19:59.000Z,   6.02,  99.98, -32767.00000
2017-08-07T03:00:00.000Z,   6.02,  99.98, -32767.00000
2017-08-08T02:59:59.000Z,   6.02,  99.98, 32.90600
2017-08-09T02:49:59.000Z,   6.02,  99.98, -32767.00000
2017-08-10T02:59:59.000Z,   6.02,  99.98, 35.18600
2017-08-11T02:39:59.000Z,   6.02,  99.98, 55.96000
2017-08-12T02:49:59.000Z,   6.02,  99.98, 51.88400
2017-08-13T02:24:59.000Z,   6.02,  99.98, 28.00000
2017-08-14T02:40:00.000Z,   6.02,  99.98, 32.25400
2017-08-15T02:15:00.000Z,   6.02,  99.98, -32767.00000
2017-08-16T02:54:59.000Z,   6.02,  99.98, -32767.00000
2017-08-17T03:00:00.000Z,   6.02,  99.98, 31.85000
2017-08-18T02:44:59.000Z,   6.02,  99.98, 52.93400
2017-08-19T02:55:00.000Z,   6.02,  99.98, 46.66600
2017-08-20T02:30:00.000Z,   6.02,  99.98, 55.29400
2017-08-21T02:44:59.000Z,   6.02,  99.98, 47.39800
2017-08-22T02:19:59.000Z,   6.02,  99.98, -32767.00000
2017-08-23T03:00:00.000Z,   6.02,  99.98, 49.97400
2017-08-24T02:59:59.000Z,   6.02,  99.98, 27.00400
2017-08-25T02:49:59.000Z,   6.02,  99.98, -32767.00000
2017-08-26T02:59:59.000Z,   6.02,  99.98, 56.39200
2017-08-27T02:39:59.000Z,   6.02,  99.98, 27.19200
2017-08-28T02:49:59.000Z,   6.02,  99.98, 43.69600
2017-08-29T02:24:59.000Z,   6.02,  99.98, 11.37000
2017-08-30T02:40:00.000Z,   6.02,  99.98, 51.94400
2017-08-31T02:15:00.000Z,   6.02,  99.98, -32767.00000
2017-09-01T02:55:09.000Z,   6.02,  99.98, -32767.00000
2017-09-02T03:00:00.000Z,   6.02,  99.98, 56.97400
2017-09-03T02:44:59.000Z,   6.02,  99.98, 56.96400
2017-09-04T02:55:00.000Z,   6.02,  99.98, 56.85600
2017-09-05T02:30:00.000Z,   6.02,  99.98, 55.07800
2017-09-06T02:44:59.000Z,   6.02,  99.98, 56.36000
2017-09-07T02:19:59.000Z,   6.02,  99.98, -32767.00000
2017-09-08T03:00:00.000Z,   6.02,  99.98, -32767.00000
2017-09-09T02:59:59.000Z,   6.02,  99.98, 55.45200
2017-09-10T02:50:00.000Z,   6.02,  99.98, -32767.00000
2017-09-11T02:59:59.000Z,   6.02,  99.98, 56.52800
2017-09-12T02:39:59.000Z,   6.02,  99.98, 45.67200
2017-09-13T02:49:59.000Z,   6.02,  99.98, 56.67200
2017-09-14T02:24:59.000Z,   6.02,  99.98, 54.15800
2017-09-15T02:40:00.000Z,   6.02,  99.98, 22.76600
2017-09-16T02:15:00.000Z,   6.02,  99.98, -32767.00000
2017-09-17T02:54:59.000Z,   6.02,  99.98, -32767.00000
2017-09-18T03:00:00.000Z,   6.02,  99.98, 42.49400
2017-09-19T02:44:59.000Z,   6.02,  99.98, -32767.00000
2017-09-20T02:55:00.000Z,   6.02,  99.98, 40.40200
2017-09-21T02:30:00.000Z,   6.02,  99.98, 33.26600
2017-09-22T02:44:59.000Z,   6.02,  99.98,  7.93200
2017-09-23T02:19:59.000Z,   6.02,  99.98, -32767.00000
2017-09-24T03:00:00.000Z,   6.02,  99.98, 48.80400
2017-09-25T02:59:59.000Z,   6.02,  99.98, 52.45200
2017-09-26T02:50:00.000Z,   6.02,  99.98, -32767.00000
2017-09-27T02:59:59.000Z,   6.02,  99.98, 54.81400
2017-09-28T02:39:59.000Z,   6.02,  99.98, 49.10600
2017-09-29T02:49:59.000Z,   6.02,  99.98, 54.25800
2017-09-30T02:24:59.000Z,   6.02,  99.98, 26.27600
2017-10-01T02:40:00.000Z,   6.02,  99.98, 45.52600
2017-10-02T02:10:00.000Z,   6.02,  99.98, -32767.00000
2017-10-03T02:54:59.000Z,   6.02,  99.98, -32767.00000
2017-10-04T03:00:00.000Z,   6.02,  99.98, 25.42600
2017-10-05T02:44:59.000Z,   6.02,  99.98, -32767.00000
2017-10-06T02:55:00.000Z,   6.02,  99.98, 55.73600
2017-10-07T02:30:00.000Z,   6.02,  99.98, 56.13000
2017-10-08T02:44:59.000Z,   6.02,  99.98, 48.47600
2017-10-09T02:19:59.000Z,   6.02,  99.98, -32767.00000
2017-10-10T02:34:59.000Z,   6.02,  99.98, 53.02000
2017-10-11T02:59:59.000Z,   6.02,  99.98, 47.43200
2017-10-12T02:24:59.000Z,   6.02,  99.98, -32767.00000
2017-10-13T02:59:59.000Z,   6.02,  99.98, 16.01400
2017-10-14T02:15:00.000Z,   6.02,  99.98, 35.14400
2017-10-15T02:49:59.000Z,   6.02,  99.98, 43.55400
2017-10-16T02:24:59.000Z,   6.02,  99.98, 52.58800
2017-10-17T02:40:00.000Z,   6.02,  99.98, 40.54000
2017-10-18T02:10:00.000Z,   6.02,  99.98, -32767.00000
2017-10-19T02:29:58.000Z,   6.02,  99.98, -32767.00000
2017-10-20T03:00:00.000Z,   6.02,  99.98, 54.80200
2017-10-21T02:19:59.000Z,   6.02,  99.98, -32767.00000
2017-10-22T02:54:58.000Z,   6.02,  99.98, 50.61000
2017-10-23T02:09:59.000Z,   6.02,  99.98, 53.85800
2017-10-24T02:44:59.000Z,   6.02,  99.98, 53.63000
2017-10-25T02:14:59.000Z,   6.02,  99.98, -32767.00000
2017-10-26T02:34:59.000Z,   6.02,  99.98, 54.20800
2017-10-27T02:59:59.000Z,   6.02,  99.98, 47.85800
2017-10-28T02:24:59.000Z,   6.02,  99.98, 50.80200
2017-10-29T02:59:59.000Z,   6.02,  99.98, 28.89800
2017-10-30T02:15:00.000Z,   6.02,  99.98, 48.34600
2017-10-31T02:49:59.000Z,   6.02,  99.98, 49.03800
2017-11-01T02:10:00.000Z,   6.02,  99.98, 50.58600
2017-11-02T02:40:00.000Z,   6.02,  99.98, 48.41400
2017-11-03T02:10:00.000Z,   6.02,  99.98, -32767.00000
2017-11-04T02:29:59.000Z,   6.02,  99.98, -32767.00000
2017-11-05T03:00:00.000Z,   6.02,  99.98, 12.72800
2017-11-06T02:19:59.000Z,   6.02,  99.98, 16.96200
2017-11-07T02:54:59.000Z,   6.02,  99.98, 37.33400
2017-11-08T02:09:59.000Z,   6.02,  99.98, 44.22600
2017-11-09T02:44:59.000Z,   6.02,  99.98, 28.03200
2017-11-10T02:04:59.000Z,   6.02,  99.98, -32767.00000
2017-11-11T02:34:59.000Z,   6.02,  99.98, 53.31000
2017-11-12T02:59:59.000Z,   6.02,  99.98, 27.35000
2017-11-13T02:25:00.000Z,   6.02,  99.98, 48.59200
2017-11-14T02:59:59.000Z,   6.02,  99.98, 51.89600
2017-11-15T02:15:00.000Z,   6.02,  99.98, 52.95200
2017-11-16T02:50:00.000Z,   6.02,  99.98, 52.64600
2017-11-17T02:09:59.000Z,   6.02,  99.98, 52.68800
2017-11-18T02:40:00.000Z,   6.02,  99.98, 52.49600
2017-11-19T02:04:59.000Z,   6.02,  99.98, -32767.00000
2017-11-20T02:29:59.000Z,   6.02,  99.98, 48.49600
2017-11-21T02:59:59.000Z,   6.02,  99.98, 52.32000
2017-11-22T02:19:59.000Z,   6.02,  99.98, 48.37400
2017-11-23T02:54:59.000Z,   6.02,  99.98, 52.12600
2017-11-24T02:09:59.000Z,   6.02,  99.98, 50.24400
2017-11-25T02:44:59.000Z,   6.02,  99.98, 48.54800
2017-11-26T02:05:00.000Z,   6.02,  99.98, -32767.00000
2017-11-27T02:35:00.000Z,   6.02,  99.98, 16.39000
2017-11-28T03:00:00.000Z,   6.02,  99.98, 22.56800
2017-11-29T02:25:00.000Z,   6.02,  99.98, -32767.00000
2017-11-30T03:00:00.000Z,   6.02,  99.98, 17.06600
2017-12-01T02:14:59.000Z,   6.02,  99.98, 33.66200
2017-12-02T02:50:00.000Z,   6.02,  99.98, 28.11400
2017-12-03T02:09:59.000Z,   6.02,  99.98, 49.61800
2017-12-04T02:39:59.000Z,   6.02,  99.98, 49.38400
2017-12-05T02:04:59.000Z,   6.02,  99.98, -32767.00000
2017-12-06T02:29:59.000Z,   6.02,  99.98, 46.31000
2017-12-07T02:59:59.000Z,   6.02,  99.98, 41.57200
2017-12-08T02:19:59.000Z,   6.02,  99.98, 50.64600
2017-12-09T02:54:59.000Z,   6.02,  99.98, 32.18000
2017-12-10T02:10:00.000Z,   6.02,  99.98, 48.58400
2017-12-11T02:45:00.000Z,   6.02,  99.98, 50.39400
2017-12-12T02:04:58.000Z,   6.02,  99.98, -32767.00000
2017-12-13T02:35:00.000Z,   6.02,  99.98, 50.48000
2017-12-14T03:00:00.000Z,   6.02,  99.98, 50.58600
2017-12-15T02:24:59.000Z,   6.02,  99.98, 47.45600
2017-12-16T03:00:00.000Z,   6.02,  99.98, 50.46800
2017-12-17T02:14:59.000Z,   6.02,  99.98, 50.46200
2017-12-18T02:49:59.000Z,   6.02,  99.98, 50.23400
2017-12-19T02:09:59.000Z,   6.02,  99.98, 50.36000
2017-12-20T01:25:00.000Z,   6.02,  99.98, 50.34200
2017-12-21T02:04:59.000Z,   6.02,  99.98, -32767.00000
2017-12-22T02:29:59.000Z,   6.02,  99.98, -32767.00000
2017-12-23T02:59:59.000Z,   6.02,  99.98, 24.65200
2017-12-24T02:20:00.000Z,   6.02,  99.98, 26.19600
2017-12-25T02:54:59.000Z,   6.02,  99.98, 50.29000
2017-12-26T02:09:59.000Z,   6.02,  99.98, 36.29400
2017-12-27T02:45:00.000Z,   6.02,  99.98, 50.36800
2017-12-28T02:04:59.000Z,   6.02,  99.98, -32767.00000
2017-12-29T02:34:59.000Z,   6.02,  99.98, 50.33800
2017-12-30T02:59:59.000Z,   6.02,  99.98, 38.68000
2017-12-31T02:24:59.000Z,   6.02,  99.98, -32767.00000
2018-01-01T02:59:59.000Z,   6.02,  99.98, 39.15200
2018-01-02T02:14:59.000Z,   6.02,  99.98, 22.92400
2018-01-03T02:49:59.000Z,   6.02,  99.98, 40.44200
2018-01-04T02:10:00.000Z,   6.02,  99.98, 20.76600
2018-01-05T02:39:59.000Z,   6.02,  99.98, 44.23200
2018-01-06T02:05:00.000Z,   6.02,  99.98, -32767.00000
2018-01-07T02:30:00.000Z,   6.02,  99.98, 50.49000
2018-01-08T03:00:00.000Z,   6.02,  99.98, 50.19800
2018-01-09T02:19:59.000Z,   6.02,  99.98, 49.75400
2018-01-10T02:55:00.000Z,   6.02,  99.98, 47.66200
2018-01-11T02:09:59.000Z,   6.02,  99.98, 50.38000
2018-01-12T02:44:59.000Z,   6.02,  99.98, 12.79600
2018-01-13T02:04:59.000Z,   6.02,  99.98, -32767.00000
2018-01-14T02:34:59.000Z,   6.02,  99.98, 28.01400
2018-01-15T02:59:59.000Z,   6.02,  99.98, 19.01800
2018-01-16T02:24:59.000Z,   6.02,  99.98, -32767.00000
2018-01-17T02:59:59.000Z,   6.02,  99.98, 51.63000
2018-01-18T02:15:00.000Z,   6.02,  99.98, 51.75600
2018-01-19T02:49:59.000Z,   6.02,  99.98, 51.83200
2018-01-20T02:10:00.000Z,   6.02,  99.98, 46.81800
2018-01-21T02:40:00.000Z,   6.02,  99.98, 40.12400
2018-01-22T02:10:00.000Z,   6.02,  99.98, -32767.00000
2018-01-23T02:29:59.000Z,   6.02,  99.98, 50.01400
2018-01-24T03:00:00.000Z,   6.02,  99.98, 51.33200
2018-01-25T02:19:59.000Z,   6.02,  99.98, 49.45000
2018-01-26T02:54:59.000Z,   6.02,  99.98, 43.30800
2018-01-27T02:09:59.000Z,   6.02,  99.98, 45.48200
2018-01-28T02:44:59.000Z,   6.02,  99.98, 52.79200
2018-01-29T02:04:59.000Z,   6.02,  99.98, -32767.00000
2018-01-30T02:34:59.000Z,   6.02,  99.98, 53.18800
2018-01-31T02:59:59.000Z,   6.02,  99.98, 53.33200
2018-02-01T02:25:00.000Z,   6.02,  99.98, 53.53600
2018-02-02T02:59:59.000Z,   6.02,  99.98, 53.53800
2018-02-03T02:15:00.000Z,   6.02,  99.98, 53.80600
2018-02-04T02:50:00.000Z,   6.02,  99.98, 53.83000
2018-02-05T02:09:59.000Z,   6.02,  99.98, 54.16000
2018-02-06T02:40:00.000Z,   6.02,  99.98, 54.11000
2018-02-07T02:09:59.000Z,   6.02,  99.98, -32767.00000
2018-02-08T02:29:59.000Z,   6.02,  99.98, -32767.00000
2018-02-09T02:59:59.000Z,   6.02,  99.98, 54.64800
2018-02-10T02:19:59.000Z,   6.02,  99.98, 54.76200
2018-02-11T02:54:59.000Z,   6.02,  99.98, 54.99000
2018-02-12T02:09:59.000Z,   6.02,  99.98, 53.55200
2018-02-13T02:44:59.000Z,   6.02,  99.98, 55.17600
2018-02-14T02:14:59.000Z,   6.02,  99.98, -32767.00000
2018-02-15T02:34:59.000Z,   6.02,  99.98, 55.39800
2018-02-16T02:59:59.000Z,   6.02,  99.98, 55.60400
2018-02-17T02:25:00.000Z,   6.02,  99.98, 55.67800
2018-02-18T02:59:59.000Z,   6.02,  99.98, 55.80000
2018-02-19T02:14:59.000Z,   6.02,  99.98, 56.10000
2018-02-20T02:50:00.000Z,   6.02,  99.98, 55.97200
2018-02-21T02:25:00.000Z,   6.02,  99.98, 50.95200
2018-02-22T02:39:59.000Z,   6.02,  99.98, 55.81000
2018-02-23T02:09:59.000Z,   6.02,  99.98, -32767.00000
2018-02-24T02:29:59.000Z,   6.02,  99.98, -32767.00000
2018-02-25T02:59:59.000Z,   6.02,  99.98, 56.49000
2018-02-26T02:19:59.000Z,   6.02,  99.98, 56.82800
2018-02-27T02:54:59.000Z,   6.02,  99.98, 56.36200
2018-02-28T02:29:59.000Z,   6.02,  99.98, 57.01800
2018-03-01T02:44:59.000Z,   6.02,  99.98, 57.13000
2018-03-02T02:19:59.000Z,   6.02,  99.98, -32767.00000
2018-03-03T02:34:59.000Z,   6.02,  99.98, 57.38600
2018-03-04T02:59:59.000Z,   6.02,  99.98, 52.84000
2018-03-05T02:49:59.000Z,   6.02,  99.98, -32767.00000
2018-03-06T02:59:59.000Z,   6.02,  99.98, 57.48800
2018-03-07T02:34:59.000Z,   6.02,  99.98, 56.53600
2018-03-08T02:50:00.000Z,   6.02,  99.98, 57.46600
2018-03-09T02:25:00.000Z,   6.02,  99.98, 55.61000
2018-03-10T02:39:59.000Z,   6.02,  99.98, 56.68800
2018-03-11T02:14:59.000Z,   6.02,  99.98, -32767.00000
2018-03-12T02:55:00.000Z,   6.02,  99.98, -32767.00000
2018-03-13T02:59:59.000Z,   6.02,  99.98, 41.68800
2018-03-14T02:45:00.000Z,   6.02,  99.98, 57.51800
2018-03-15T02:54:59.000Z,   6.02,  99.98, 58.11000
2018-03-16T02:29:59.000Z,   6.02,  99.98, 54.75400
2018-03-17T02:44:59.000Z,   6.02,  99.98, 58.08800
2018-03-18T02:19:59.000Z,   6.02,  99.98, -32767.00000
2018-03-19T02:59:59.000Z,   6.02,  99.98, 58.31000
2018-03-20T03:00:00.000Z,   6.02,  99.98, 58.26800
2018-03-21T02:49:59.000Z,   6.02,  99.98, -32767.00000
2018-03-22T03:00:00.000Z,   6.02,  99.98, 53.99400
2018-03-23T02:39:59.000Z,   6.02,  99.98, 57.40000
2018-03-24T02:50:00.000Z,   6.02,  99.98, 50.86000
2018-03-25T02:25:00.000Z,   6.02,  99.98, 54.82600
2018-03-26T02:39:59.000Z,   6.02,  99.98, 58.44800
2018-03-27T02:14:59.000Z,   6.02,  99.98, -32767.00000
2018-03-28T03:00:00.000Z,   6.02,  99.98, -32767.00000
2018-03-29T02:59:59.000Z,   6.02,  99.98, 51.03200
2018-03-30T02:45:00.000Z,   6.02,  99.98, 58.58600
2018-03-31T02:54:59.000Z,   6.02,  99.98, 58.56600
2018-04-01T02:34:59.000Z,   6.02,  99.98, 54.70800
2018-04-02T02:44:59.000Z,   6.02,  99.98, 58.66000
2018-04-03T02:19:59.000Z,   6.02,  99.98, -32767.00000
2018-04-04T02:59:59.000Z,   6.02,  99.98, 56.84800
2018-04-05T02:59:59.000Z,   6.02,  99.98, 50.54000
2018-04-06T02:49:59.000Z,   6.02,  99.98, -32767.00000
2018-04-07T02:59:59.000Z,   6.02,  99.98, 57.50000
2018-04-08T02:39:59.000Z,   6.02,  99.98, 57.50200
2018-04-09T02:50:00.000Z,   6.02,  99.98, 56.71000
2018-04-10T02:25:00.000Z,   6.02,  99.98, 57.55200
2018-04-11T02:39:59.000Z,   6.02,  99.98, 27.61600
2018-04-12T02:14:59.000Z,   6.02,  99.98, -32767.00000
2018-04-13T02:59:59.000Z,   6.02,  99.98, -32767.00000
2018-04-14T02:59:59.000Z,   6.02,  99.98, 58.29800
2018-04-15T02:45:00.000Z,   6.02,  99.98, 48.79800
2018-04-16T02:54:59.000Z,   6.02,  99.98, 54.87600
2018-04-17T02:34:59.000Z,   6.02,  99.98, 53.74200
2018-04-18T02:44:59.000Z,   6.02,  99.98, 57.40800
2018-04-19T02:19:59.000Z,   6.02,  99.98, -32767.00000
2018-04-20T02:59:59.000Z,   6.02,  99.98, 53.75400
2018-04-21T03:00:00.000Z,   6.02,  99.98, 58.03600
2018-04-22T02:49:59.000Z,   6.02,  99.98, -32767.00000
2018-04-23T03:00:00.000Z,   6.02,  99.98, 53.69600
2018-04-24T02:39:59.000Z,   6.02,  99.98, 57.43400
2018-04-25T02:50:00.000Z,   6.02,  99.98, 13.73000
2018-04-26T02:25:00.000Z,   6.02,  99.98, 57.63800
2018-04-27T02:39:59.000Z,   6.02,  99.98, 55.02600
2018-04-28T02:14:59.000Z,   6.02,  99.98, -32767.00000
2018-04-29T03:00:00.000Z,   6.02,  99.98, -32767.00000
2018-04-30T02:59:59.000Z,   6.02,  99.98, 20.13600
2018-05-01T02:44:58.000Z,   6.02,  99.98, 28.57800
2018-05-02T02:54:59.000Z,   6.02,  99.98, 53.52400
2018-05-03T02:34:59.000Z,   6.02,  99.98, 55.68000
2018-05-04T02:44:59.000Z,   6.02,  99.98, 56.99200
2018-05-05T02:19:59.000Z,   6.02,  99.98, -32767.00000
2018-05-06T02:59:59.000Z,   6.02,  99.98, 53.50000
2018-05-07T02:09:59.000Z,   6.02,  99.98, 56.87800
2018-05-08T02:49:59.000Z,   6.02,  99.98, -32767.00000
2018-05-09T03:00:00.000Z,   6.02,  99.98, 55.86400
2018-05-10T02:39:59.000Z,   6.02,  99.98, 54.37400
2018-05-11T02:50:00.000Z,   6.02,  99.98, 56.80600
2018-05-12T02:25:00.000Z,   6.02,  99.98, 50.92800
2018-05-13T02:39:59.000Z,   6.02,  99.98, 56.84200
2018-05-14T02:14:59.000Z,   6.02,  99.98, -32767.00000
2018-05-15T03:00:00.000Z,   6.02,  99.98, 55.62600
2018-05-16T02:59:59.000Z,   6.02,  99.98, 45.02800
2018-05-17T02:44:59.000Z,   6.02,  99.98, 25.15200
2018-05-18T02:54:59.000Z,   6.02,  99.98, 38.02400
2018-05-19T02:34:59.000Z,   6.02,  99.98, 51.34200
2018-05-20T02:44:59.000Z,   6.02,  99.98, 55.99400
2018-05-21T02:19:59.000Z,   6.02,  99.98, -32767.00000
2018-05-22T02:59:59.000Z,   6.02,  99.98, 52.98400
2018-05-23T02:10:00.000Z,   6.02,  99.98, 55.39400
2018-05-24T02:49:59.000Z,   6.02,  99.98, 55.74600
2018-05-25T03:00:00.000Z,   6.02,  99.98, 23.59800
2018-05-26T02:39:59.000Z,   6.02,  99.98, 42.02200
2018-05-27T02:50:00.000Z,   6.02,  99.98, 40.26000
2018-05-28T02:25:00.000Z,   6.02,  99.98, 55.10000
2018-05-29T02:39:59.000Z,   6.02,  99.98, 52.73000
2018-05-30T02:14:59.000Z,   6.02,  99.98, -32767.00000
2018-05-31T03:00:00.000Z,   6.02,  99.98, 54.38200
2018-06-01T02:59:59.000Z,   6.02,  99.98, 39.29600
2018-06-02T02:44:59.000Z,   6.02,  99.98, 31.50400
2018-06-03T02:54:59.000Z,   6.02,  99.98, 46.37800
2018-06-04T02:34:59.000Z,   6.02,  99.98, 37.70600
2018-06-05T02:44:59.000Z,   6.02,  99.98, 41.54600
2018-06-06T02:19:59.000Z,   6.02,  99.98, -32767.00000
2018-06-07T02:59:59.000Z,   6.02,  99.98, 41.54800
2018-06-08T02:10:00.000Z,   6.02,  99.98, 40.66800
2018-06-09T02:49:59.000Z,   6.02,  99.98, 52.01000
2018-06-10T03:00:00.000Z,   6.02,  99.98, 55.48200
2018-06-11T02:40:00.000Z,   6.02,  99.98, 54.16800
2018-06-12T02:49:59.000Z,   6.02,  99.98, 24.48800
2018-06-13T02:24:59.000Z,   6.02,  99.98, 49.22600
2018-06-14T02:39:59.000Z,   6.02,  99.98, 55.39600
2018-06-15T02:14:59.000Z,   6.02,  99.98, -32767.00000
2018-06-16T02:55:00.000Z,   6.02,  99.98, -32767.00000
2018-06-17T02:59:59.000Z,   6.02,  99.98, 25.67200
2018-06-18T02:44:59.000Z,   6.02,  99.98, 48.03600
2018-06-19T02:54:59.000Z,   6.02,  99.98, 25.92400
2018-06-20T02:34:59.000Z,   6.02,  99.98, 34.98800
2018-06-21T02:44:59.000Z,   6.02,  99.98, 35.00200
2018-06-22T02:19:59.000Z,   6.02,  99.98, -32767.00000
2018-06-23T02:59:59.000Z,   6.02,  99.98, 55.07800
2018-06-24T02:10:00.000Z,   6.02,  99.98, 47.98000
2018-06-25T02:49:59.000Z,   6.02,  99.98, 19.98600
2018-06-26T03:00:00.000Z,   6.02,  99.98,  2.51000
2018-06-27T02:40:00.000Z,   6.02,  99.98, 44.14600
2018-06-28T02:49:59.000Z,   6.02,  99.98, 51.06800
2018-06-29T02:24:59.000Z,   6.02,  99.98, 54.15800
2018-06-30T02:39:59.000Z,   6.02,  99.98, 55.16200
2018-07-01T02:14:59.000Z,   6.02,  99.98, -32767.00000
2018-07-02T02:55:00.000Z,   6.02,  99.98, 31.58600
2018-07-03T02:59:59.000Z,   6.02,  99.98, 15.91200
2018-07-04T02:44:59.000Z,   6.02,  99.98, 53.96200
2018-07-05T02:54:59.000Z,   6.02,  99.98, 51.98600
2018-07-06T02:34:59.000Z,   6.02,  99.98, 47.13200
2018-07-07T02:44:59.000Z,   6.02,  99.98, 48.85800
2018-07-08T02:19:59.000Z,   6.02,  99.98, -32767.00000
2018-07-09T02:59:59.000Z,   6.02,  99.98, 52.60800
2018-07-10T02:10:00.000Z,   6.02,  99.98, 20.08400
2018-07-11T02:49:59.000Z,   6.02,  99.98, 44.88800
2018-07-12T03:00:00.000Z,   6.02,  99.98, 37.82400
2018-07-13T02:40:00.000Z,   6.02,  99.98, 52.92800
2018-07-14T02:49:59.000Z,   6.02,  99.98, 54.14000
2018-07-15T02:24:59.000Z,   6.02,  99.98, 43.03600
2018-07-16T02:39:59.000Z,   6.02,  99.98, 55.04600
2018-07-17T02:14:59.000Z,   6.02,  99.98, -32767.00000
2018-07-18T03:00:00.000Z,   6.02,  99.98, -32767.00000
2018-07-19T02:59:59.000Z,   6.02,  99.98, 47.79200
2018-07-20T02:44:59.000Z,   6.02,  99.98, 50.87800
2018-07-21T02:54:59.000Z,   6.02,  99.98, 37.55800
2018-07-22T02:34:59.000Z,   6.02,  99.98, 29.57600
2018-07-23T02:44:59.000Z,   6.02,  99.98, 55.38000
2018-07-24T02:19:59.000Z,   6.02,  99.98, -32767.00000
2018-07-25T02:59:59.000Z,   6.02,  99.98, 33.70200
2018-07-26T02:10:00.000Z,   6.02,  99.98, 55.55800
2018-07-27T02:49:59.000Z,   6.02,  99.98, -32767.00000
2018-07-28T03:00:00.000Z,   6.02,  99.98, 36.36000
2018-07-29T02:40:00.000Z,   6.02,  99.98, 34.10800
2018-07-30T02:50:00.000Z,   6.02,  99.98, 55.63000
2018-07-31T02:25:00.000Z,   6.02,  99.98, 38.87800
2018-08-01T02:39:59.000Z,   6.02,  99.98, 55.34800
2018-08-02T02:14:59.000Z,   6.02,  99.98, -32767.00000
2018-08-03T03:00:00.000Z,   6.02,  99.98, -32767.00000
2018-08-04T02:59:59.000Z,   6.02,  99.98, 56.05600
2018-08-05T02:44:59.000Z,   6.02,  99.98, 56.25200
2018-08-06T02:54:59.000Z,   6.02,  99.98, 56.68600
2018-08-07T02:34:59.000Z,   6.02,  99.98, 55.52800
2018-08-08T02:44:59.000Z,   6.02,  99.98, 48.32800
2018-08-09T02:19:59.000Z,   6.02,  99.98, -32767.00000
2018-08-10T02:59:59.000Z,   6.02,  99.98, 35.64400
2018-08-11T02:10:00.000Z,   6.02,  99.98, 34.20600
2018-08-12T02:49:59.000Z,   6.02,  99.98, -32767.00000
2018-08-13T03:00:00.000Z,   6.02,  99.98, 55.66400
2018-08-14T02:40:00.000Z,   6.02,  99.98, 57.23400
2018-08-15T02:50:00.000Z,   6.02,  99.98, 55.54000
2018-08-16T02:25:00.000Z,   6.02,  99.98, 48.74200
2018-08-17T02:39:59.000Z,   6.02,  99.98, 29.51800
2018-08-18T02:14:59.000Z,   6.02,  99.98, -32767.00000
2018-08-19T03:00:00.000Z,   6.02,  99.98, -32767.00000
2018-08-20T02:59:59.000Z,   6.02,  99.98, 10.56400
2018-08-21T02:44:59.000Z,   6.02,  99.98, 55.43800
2018-08-22T02:54:59.000Z,   6.02,  99.98, 52.64200
2018-08-23T02:34:59.000Z,   6.02,  99.98, 25.95200
2018-08-24T02:44:59.000Z,   6.02,  99.98, 45.87000
2018-08-25T02:19:59.000Z,   6.02,  99.98, -32767.00000
2018-08-26T02:59:59.000Z,   6.02,  99.98, -32767.00000
2018-08-27T03:00:00.000Z,   6.02,  99.98, 47.69200
2018-08-28T02:49:59.000Z,   6.02,  99.98, -32767.00000
2018-08-29T03:00:00.000Z,   6.02,  99.98, 38.65600
2018-08-30T02:40:00.000Z,   6.02,  99.98, 57.88000
2018-08-31T02:50:00.000Z,   6.02,  99.98, 57.37800
2018-09-01T02:25:00.000Z,   6.02,  99.98, 57.80200
2018-09-02T02:39:59.000Z,   6.02,  99.98, 57.81000
2018-09-03T02:14:59.000Z,   6.02,  99.98, -32767.00000
2018-09-04T03:00:00.000Z,   6.02,  99.98, -32767.00000
2018-09-05T02:59:59.000Z,   6.02,  99.98, 18.86200
2018-09-06T02:44:59.000Z,   6.02,  99.98, 45.57400
2018-09-07T02:54:59.000Z,   6.02,  99.98, 44.53600
2018-09-08T02:34:59.000Z,   6.02,  99.98, 46.45800
2018-09-09T02:44:59.000Z,   6.02,  99.98, 26.88600
2018-09-10T02:19:59.000Z,   6.02,  99.98, -32767.00000
2018-09-11T02:59:59.000Z,   6.02,  99.98, -32767.00000
2018-09-12T03:00:00.000Z,   6.02,  99.98, 47.53400
2018-09-13T02:49:59.000Z,   6.02,  99.98, -32767.00000
2018-09-14T03:00:00.000Z,   6.02,  99.98, 44.33200
2018-09-15T02:39:59.000Z,   6.02,  99.98,  9.61000
2018-09-16T02:50:00.000Z,   6.02,  99.98, 54.40600
2018-09-17T02:25:00.000Z,   6.02,  99.98,  9.18200
2018-09-18T02:39:59.000Z,   6.02,  99.98, 40.43400
2018-09-19T02:14:59.000Z,   6.02,  99.98, -32767.00000
2018-09-20T02:55:00.000Z,   6.02,  99.98, -32767.00000
2018-09-21T02:59:59.000Z,   6.02,  99.98, 45.44400
2018-09-22T02:44:59.000Z,   6.02,  99.98, -32767.00000
2018-09-23T02:54:59.000Z,   6.02,  99.98,  9.12200
2018-09-24T02:29:59.000Z,   6.02,  99.98, 57.43400
2018-09-25T02:44:59.000Z,   6.02,  99.98, 56.18200
2018-09-26T02:19:59.000Z,   6.02,  99.98, -32767.00000
2018-09-27T02:59:59.000Z,   6.02,  99.98, 57.32000
2018-09-28T03:00:00.000Z,   6.02,  99.98, 57.23200
2018-09-29T02:49:59.000Z,   6.02,  99.98, -32767.00000
2018-09-30T03:00:00.000Z,   6.02,  99.98, 57.26400
2018-10-01T02:35:00.000Z,   6.02,  99.98, 47.48200
2018-10-02T02:50:00.000Z,   6.02,  99.98, 55.31800
2018-10-03T02:25:00.000Z,   6.02,  99.98, 41.83200
2018-10-04T02:39:59.000Z,   6.02,  99.98, 56.91000
2018-10-05T02:09:59.000Z,   6.02,  99.98, -32767.00000
2018-10-06T02:55:00.000Z,   6.02,  99.98, -32767.00000
2018-10-07T02:59:59.000Z,   6.02,  99.98, 46.93800
2018-10-08T02:44:59.000Z,   6.02,  99.98, 54.48800
2018-10-09T02:54:59.000Z,   6.02,  99.98, 52.08000
2018-10-10T02:29:59.000Z,   6.02,  99.98, 56.17200
2018-10-11T02:44:59.000Z,   6.02,  99.98, 56.45400
2018-10-12T02:19:59.000Z,   6.02,  99.98, -32767.00000
2018-10-13T02:35:00.000Z,   6.02,  99.98, 20.98600
2018-10-14T03:00:00.000Z,   6.02,  99.98, 53.72200
2018-10-15T02:25:00.000Z,   6.02,  99.98, -32767.00000
2018-10-16T03:00:00.000Z,   6.02,  99.98, 32.76200
2018-10-17T02:14:59.000Z,   6.02,  99.98, 56.07000
2018-10-18T02:49:58.000Z,   6.02,  99.98, 53.29000
2018-10-19T02:24:58.000Z,   6.02,  99.98,  7.93400
2018-10-20T02:39:59.000Z,   6.02,  99.98, 51.87800
2018-10-21T02:09:59.000Z,   6.02,  99.98, -32767.00000
2018-10-22T02:29:59.000Z,   6.02,  99.98, -32767.00000
2018-10-23T02:59:59.000Z,   6.02,  99.98, 55.35600
2018-10-24T02:19:59.000Z,   6.02,  99.98, -32767.00000
2018-10-25T02:54:59.000Z,   6.02,  99.98, 27.17800
2018-10-26T02:10:00.000Z,   6.02,  99.98, 55.10200
2018-10-27T02:44:59.000Z,   6.02,  99.98, 54.78400
2018-10-28T02:15:00.000Z,   6.02,  99.98, -32767.00000
2018-10-29T02:35:00.000Z,   6.02,  99.98, 48.10600
2018-10-30T03:00:00.000Z,   6.02,  99.98, 35.88600
2018-10-31T02:24:59.000Z,   6.02,  99.98, -32767.00000
2018-11-01T03:00:00.000Z,   6.02,  99.98, 42.19600
2018-11-02T02:14:59.000Z,   6.02,  99.98, 51.35600
2018-11-03T02:49:59.000Z,   6.02,  99.98, 41.25000
2018-11-04T02:09:59.000Z,   6.02,  99.98, 11.27800
2018-11-05T02:39:59.000Z,   6.02,  99.98, 53.76200
2018-11-06T02:09:59.000Z,   6.02,  99.98, -32767.00000
2018-11-07T02:29:59.000Z,   6.02,  99.98, -32767.00000
2018-11-08T02:59:59.000Z,   6.02,  99.98, 21.65600
2018-11-09T02:20:00.000Z,   6.02,  99.98, 49.89800
2018-11-10T02:54:59.000Z,   6.02,  99.98, 51.03400
2018-11-11T02:10:00.000Z,   6.02,  99.98, 34.40800
2018-11-12T02:45:00.000Z,   6.02,  99.98, 44.15400
2018-11-13T02:04:59.000Z,   6.02,  99.98, -32767.00000
2018-11-14T02:35:00.000Z,   6.02,  99.98, 47.13000
2018-11-15T02:59:59.000Z,   6.02,  99.98, 52.28800
2018-11-16T02:24:59.000Z,   6.02,  99.98, 44.37600
2018-11-17T02:59:59.000Z,   6.02,  99.98, 44.97000
2018-11-18T02:14:59.000Z,   6.02,  99.98, 49.68200
2018-11-19T02:49:59.000Z,   6.02,  99.98, 46.31000
2018-11-20T02:09:59.000Z,   6.02,  99.98, 44.41800
2018-11-21T02:39:59.000Z,   6.02,  99.98, 15.58800
2018-11-22T02:05:00.000Z,   6.02,  99.98, -32767.00000
2018-11-23T02:30:00.000Z,   6.02,  99.98, 52.26200
2018-11-24T02:59:59.000Z,   6.02,  99.98, 52.00800
2018-11-25T02:20:00.000Z,   6.02,  99.98, 51.94200
2018-11-26T02:55:00.000Z,   6.02,  99.98, 51.71200
2018-11-27T02:09:59.000Z,   6.02,  99.98, 28.23000
2018-11-28T02:45:00.000Z,   6.02,  99.98, 49.47800
2018-11-29T02:04:59.000Z,   6.02,  99.98, -32767.00000
2018-11-30T02:34:59.000Z,   6.02,  99.98, 39.63200
2018-12-01T02:59:59.000Z,   6.02,  99.98, 51.40600
2018-12-02T02:24:59.000Z,   6.02,  99.98, 51.43200
2018-12-03T02:59:59.000Z,   6.02,  99.98, 46.30400
2018-12-04T02:14:59.000Z,   6.02,  99.98, 41.25000
2018-12-05T02:49:59.000Z,   6.02,  99.98, 46.10000
2018-12-06T02:10:00.000Z,   6.02,  99.98, 28.58200
2018-12-07T02:39:59.000Z,   6.02,  99.98, 32.67600
2018-12-08T02:05:00.000Z,   6.02,  99.98, -32767.00000
2018-12-09T02:30:00.000Z,   6.02,  99.98, 50.54400
2018-12-10T03:00:00.000Z,   6.02,  99.98, 42.01600
2018-12-11T02:19:59.000Z,   6.02,  99.98, 48.43200
2018-12-12T02:55:00.000Z,   6.02,  99.98, 41.15000
2018-12-13T02:09:59.000Z,   6.02,  99.98, 42.80200
2018-12-14T02:44:59.000Z,   6.02,  99.98, 33.98600
2018-12-15T02:04:59.000Z,   6.02,  99.98, -32767.00000
2018-12-16T02:34:59.000Z,   6.02,  99.98, 40.14000
2018-12-17T02:59:59.000Z,   6.02,  99.98, 39.09400
2018-12-18T02:24:59.000Z,   6.02,  99.98, -32767.00000
2018-12-19T02:59:59.000Z,   6.02,  99.98, 39.27000
2018-12-20T02:15:00.000Z,   6.02,  99.98, 47.31400
2018-12-21T02:50:00.000Z,   6.02,  99.98, 50.17400
2018-12-22T02:10:00.000Z,   6.02,  99.98, 48.94200
2018-12-23T02:40:00.000Z,   6.02,  99.98, 50.37200
2018-12-24T02:04:59.000Z,   6.02,  99.98, -32767.00000
2018-12-25T02:29:59.000Z,   6.02,  99.98, 49.39800
2018-12-26T02:59:59.000Z,   6.02,  99.98, 43.03200
2018-12-27T02:19:59.000Z,   6.02,  99.98, 45.62400
2018-12-28T02:54:59.000Z,   6.02,  99.98, 42.91400
2018-12-29T02:09:59.000Z,   6.02,  99.98, 50.45800
2018-12-30T02:44:59.000Z,   6.02,  99.98, 50.39000
2018-12-31T02:05:00.000Z,   6.02,  99.98, -32767.00000
2019-01-01T02:34:59.000Z,   6.02,  99.98, 50.45800
2019-01-02T02:59:59.000Z,   6.02,  99.98, 41.95400
2019-01-03T02:25:00.000Z,   6.02,  99.98, 47.53000
2019-01-04T03:00:00.000Z,   6.02,  99.98, 17.70200
2019-01-05T02:14:59.000Z,   6.02,  99.98, 49.32600
2019-01-06T02:50:00.000Z,   6.02,  99.98, 50.55000
2019-01-07T02:09:59.000Z,   6.02,  99.98, 36.28600
2019-01-08T02:39:59.000Z,   6.02,  99.98, 50.65000
2019-01-09T02:04:59.000Z,   6.02,  99.98, -32767.00000
2019-01-10T02:29:59.000Z,   6.02,  99.98, 50.97800
2019-01-11T02:59:59.000Z,   6.02,  99.98, 51.04600
2019-01-12T02:19:59.000Z,   6.02,  99.98, 51.19200
2019-01-13T02:54:59.000Z,   6.02,  99.98, 46.92000
2019-01-14T02:10:00.000Z,   6.02,  99.98, 43.99600
2019-01-15T02:44:59.000Z,   6.02,  99.98, 51.27600
2019-01-16T02:05:00.000Z,   6.02,  99.98, -32767.00000
2019-01-17T02:35:00.000Z,   6.02,  99.98, 35.28200
2019-01-18T03:00:00.000Z,   6.02,  99.98, 45.77000
2019-01-19T02:24:59.000Z,   6.02,  99.98, 50.70800
2019-01-20T03:00:00.000Z,   6.02,  99.98, 51.78000
2019-01-21T02:14:59.000Z,   6.02,  99.98, 52.09400
2019-01-22T02:49:59.000Z,   6.02,  99.98, 50.70400
2019-01-23T02:09:59.000Z,   6.02,  99.98, 34.37600
2019-01-24T02:39:59.000Z,   6.02,  99.98, 52.30000
2019-01-25T02:09:59.000Z,   6.02,  99.98, -32767.00000
2019-01-26T02:29:59.000Z,   6.02,  99.98, -32767.00000
2019-01-27T02:59:59.000Z,   6.02,  99.98, 42.90800
2019-01-28T02:20:00.000Z,   6.02,  99.98, 32.59000
2019-01-29T02:54:59.000Z,   6.02,  99.98, 43.81600
2019-01-30T02:10:00.000Z,   6.02,  99.98, 43.79200
2019-01-31T02:45:00.000Z,   6.02,  99.98, 52.33600
2019-02-01T02:04:59.000Z,   6.02,  99.98, -32767.00000
2019-02-02T02:34:59.000Z,   6.02,  99.98, 52.75800
2019-02-03T02:59:59.000Z,   6.02,  99.98, 48.79800
2019-02-04T02:24:59.000Z,   6.02,  99.98, 49.91400
2019-02-05T02:59:59.000Z,   6.02,  99.98, 53.82200
2019-02-06T02:14:59.000Z,   6.02,  99.98, 53.46000
2019-02-07T02:49:59.000Z,   6.02,  99.98, 54.24400
2019-02-08T02:09:59.000Z,   6.02,  99.98, 54.52200
2019-02-09T02:39:59.000Z,   6.02,  99.98, 54.41200
2019-02-10T02:09:59.000Z,   6.02,  99.98, -32767.00000
2019-02-11T02:30:00.000Z,   6.02,  99.98, -32767.00000
2019-02-12T02:59:59.000Z,   6.02,  99.98, 55.03000
2019-02-13T02:20:00.000Z,   6.02,  99.98, 55.12400
2019-02-14T02:55:00.000Z,   6.02,  99.98, 54.91000
2019-02-15T02:09:59.000Z,   6.02,  99.98, 55.11800
2019-02-16T02:45:00.000Z,   6.02,  99.98, 51.35200
2019-02-17T02:14:59.000Z,   6.02,  99.98, -32767.00000
2019-02-18T02:34:59.000Z,   6.02,  99.98, 55.65800
2019-02-19T02:59:59.000Z,   6.02,  99.98, 55.64000
2019-02-20T02:24:59.000Z,   6.02,  99.98, 55.91000
2019-02-21T02:59:59.000Z,   6.02,  99.98, 43.40600
2019-02-22T02:14:59.000Z,   6.02,  99.98, 55.98400
2019-02-23T02:49:59.000Z,   6.02,  99.98, 56.02200
2019-02-24T02:24:59.000Z,   6.02,  99.98, 56.24600
2019-02-25T02:39:59.000Z,   6.02,  99.98, 56.60000
2019-02-26T02:10:00.000Z,   6.02,  99.98, -32767.00000
2019-02-27T02:30:00.000Z,   6.02,  99.98, 53.45400
2019-02-28T03:00:00.000Z,   6.02,  99.98, 56.85200
2019-03-01T02:20:00.000Z,   6.02,  99.98, 55.24000
2019-03-02T02:55:00.000Z,   6.02,  99.98, 56.98200
2019-03-03T02:30:00.000Z,   6.02,  99.98, 45.32600
2019-03-04T02:44:59.000Z,   6.02,  99.98, 57.35000
2019-03-05T02:19:59.000Z,   6.02,  99.98, -32767.00000
2019-03-06T02:34:59.000Z,   6.02,  99.98, 57.61200
2019-03-07T02:59:59.000Z,   6.02,  99.98, 57.55600
2019-03-08T02:50:00.000Z,   6.02,  99.98, -32767.00000
2019-03-09T02:59:59.000Z,   6.02,  99.98, 57.69600
2019-03-10T02:34:59.000Z,   6.02,  99.98, 57.33600
2019-03-11T02:49:59.000Z,   6.02,  99.98, 57.75000
2019-03-12T02:24:59.000Z,   6.02,  99.98, 57.90000
2019-03-13T02:39:59.000Z,   6.02,  99.98, 57.76800
2019-03-14T02:14:59.000Z,   6.02,  99.98, -32767.00000
2019-03-15T02:54:59.000Z,   6.02,  99.98, -32767.00000
2019-03-16T03:00:00.000Z,   6.02,  99.98, 58.33000
2019-03-17T02:44:59.000Z,   6.02,  99.98, 58.33400
2019-03-18T02:55:00.000Z,   6.02,  99.98, 58.38800
2019-03-19T02:30:00.000Z,   6.02,  99.98, 57.44200
2019-03-20T02:44:59.000Z,   6.02,  99.98, 58.39800
2019-03-21T02:19:59.000Z,   6.02,  99.98, -32767.00000
2019-03-22T03:00:00.000Z,   6.02,  99.98, -32767.00000
2019-03-23T02:59:59.000Z,   6.02,  99.98, 58.56000
2019-03-24T02:50:00.000Z,   6.02,  99.98, -32767.00000
2019-03-25T02:59:59.000Z,   6.02,  99.98, 58.64200
2019-03-26T02:39:59.000Z,   6.02,  99.98, 22.79200
2019-03-27T02:49:59.000Z,   6.02,  99.98, 58.40400
2019-03-28T02:24:59.000Z,   6.02,  99.98, 57.38200
2019-03-29T02:39:59.000Z,   6.02,  99.98, 58.53400
2019-03-30T02:14:59.000Z,   6.02,  99.98, -32767.00000
2019-03-31T02:59:59.000Z,   6.02,  99.98, -32767.00000
2019-04-01T03:00:00.000Z,   6.02,  99.98, 47.48400
2019-04-02T02:44:59.000Z,   6.02,  99.98, -32767.00000
2019-04-03T02:55:00.000Z,   6.02,  99.98, 57.94600
2019-04-04T02:35:00.000Z,   6.02,  99.98, 58.33200
2019-04-05T02:44:59.000Z,   6.02,  99.98, 58.14000
2019-04-06T02:19:59.000Z,   6.02,  99.98, -32767.00000
2019-04-07T03:00:00.000Z,   6.02,  99.98, -32767.00000
2019-04-08T02:59:59.000Z,   6.02,  99.98, 48.95200
2019-04-09T02:50:00.000Z,   6.02,  99.98, -32767.00000
2019-04-10T02:59:59.000Z,   6.02,  99.98, 50.25200
2019-04-11T02:39:59.000Z,   6.02,  99.98, 46.36600
2019-04-12T02:49:59.000Z,   6.02,  99.98, 46.55400
2019-04-13T02:24:59.000Z,   6.02,  99.98, 55.51200
2019-04-14T02:39:59.000Z,   6.02,  99.98, 58.12200
2019-04-15T02:14:59.000Z,   6.02,  99.98, -32767.00000
2019-04-16T02:54:59.000Z,   6.02,  99.98, -32767.00000
2019-04-17T03:00:00.000Z,   6.02,  99.98, 53.67200
2019-04-18T02:44:59.000Z,   6.02,  99.98, 50.68400
2019-04-19T02:55:00.000Z,   6.02,  99.98, 57.99000
2019-04-20T02:35:00.000Z,   6.02,  99.98, 57.03400
2019-04-21T02:44:59.000Z,   6.02,  99.98, 56.69200
2019-04-22T02:19:59.000Z,   6.02,  99.98, -32767.00000
2019-04-23T03:00:00.000Z,   6.02,  99.98, 56.23400
2019-04-24T02:59:59.000Z,   6.02,  99.98, 48.75600
2019-04-25T02:50:00.000Z,   6.02,  99.98, -32767.00000
2019-04-26T02:59:59.000Z,   6.02,  99.98, 57.73400
2019-04-27T02:39:59.000Z,   6.02,  99.98, 51.49800
2019-04-28T02:49:59.000Z,   6.02,  99.98, 39.46000
2019-04-29T02:24:59.000Z,   6.02,  99.98, 45.12200
2019-04-30T02:40:00.000Z,   6.02,  99.98, 57.21200
2019-05-01T02:15:00.000Z,   6.02,  99.98, -32767.00000
2019-05-02T02:54:59.000Z,   6.02,  99.98, -32767.00000
2019-05-03T03:00:00.000Z,   6.02,  99.98, 57.09600
2019-05-04T02:44:59.000Z,   6.02,  99.98, 57.18400
2019-05-05T02:55:00.000Z,   6.02,  99.98, 50.12800
2019-05-06T02:35:00.000Z,   6.02,  99.98, 56.32200
2019-05-07T02:44:59.000Z,   6.02,  99.98, 55.19400
2019-05-08T02:19:59.000Z,   6.02,  99.98, -32767.00000
2019-05-09T03:00:00.000Z,   6.02,  99.98, -32767.00000
2019-05-10T02:09:59.000Z,   6.02,  99.98, 54.86400
2019-05-11T02:49:59.000Z,   6.02,  99.98, -32767.00000
2019-05-12T02:59:59.000Z,   6.02,  99.98, 56.77800
2019-05-13T02:39:59.000Z,   6.02,  99.98, 37.08600
2019-05-14T02:49:59.000Z,   6.02,  99.98, 56.47000
2019-05-15T02:24:59.000Z,   6.02,  99.98, 56.61000
2019-05-16T02:40:00.000Z,   6.02,  99.98, 52.81800
2019-05-17T02:15:00.000Z,   6.02,  99.98, -32767.00000
2019-05-18T02:54:59.000Z,   6.02,  99.98, -32767.00000
2019-05-19T03:00:00.000Z,   6.02,  99.98, 38.66200
2019-05-20T02:45:00.000Z,   6.02,  99.98, 55.87800
2019-05-21T02:55:00.000Z,   6.02,  99.98, 36.42000
2019-05-22T02:30:00.000Z,   6.02,  99.98, 56.04400
2019-05-23T02:44:59.000Z,   6.02,  99.98, 55.88000
2019-05-24T02:19:59.000Z,   6.02,  99.98, -32767.00000
2019-05-25T03:00:00.000Z,   6.02,  99.98, 55.77000
2019-05-26T02:09:59.000Z,   6.02,  99.98, 55.86200
2019-05-27T02:49:59.000Z,   6.02,  99.98, 50.55600
2019-05-28T02:59:59.000Z,   6.02,  99.98, 52.59600
2019-05-29T02:39:59.000Z,   6.02,  99.98, 49.20800
2019-05-30T02:49:59.000Z,   6.02,  99.98, 46.84000
2019-05-31T02:24:59.000Z,   6.02,  99.98, 50.74200
2019-06-01T02:40:00.000Z,   6.02,  99.98, 50.97800
2019-06-02T02:15:00.000Z,   6.02,  99.98, -32767.00000
2019-06-03T02:54:59.000Z,   6.02,  99.98, -32767.00000
2019-06-04T03:00:00.000Z,   6.02,  99.98, 55.28200
2019-06-05T02:45:00.000Z,   6.02,  99.98, 32.79400
2019-06-06T02:54:59.000Z,   6.02,  99.98, 23.27800
2019-06-07T02:29:59.000Z,   6.02,  99.98, 25.49600
2019-06-08T02:44:59.000Z,   6.02,  99.98, 48.34000
2019-06-09T02:19:59.000Z,   6.02,  99.98, -32767.00000
2019-06-10T03:00:00.000Z,   6.02,  99.98, 33.68000
2019-06-11T02:09:59.000Z,   6.02,  99.98, 54.13200
2019-06-12T02:49:59.000Z,   6.02,  99.98, 46.89600
2019-06-13T02:59:59.000Z,   6.02,  99.98, 43.46800
2019-06-14T02:39:59.000Z,   6.02,  99.98, 55.37200
2019-06-15T02:50:00.000Z,   6.02,  99.98, 55.16400
2019-06-16T02:25:00.000Z,   6.02,  99.98, 50.28600
2019-06-17T02:40:00.000Z,   6.02,  99.98, 47.01400
2019-06-18T02:15:00.000Z,   6.02,  99.98, -32767.00000
2019-06-19T02:54:59.000Z,   6.02,  99.98, -32767.00000
2019-06-20T02:59:59.000Z,   6.02,  99.98, 30.01600
2019-06-21T02:45:00.000Z,   6.02,  99.98, 35.52600
2019-06-22T02:54:59.000Z,   6.02,  99.98, 53.03200
2019-06-23T02:29:59.000Z,   6.02,  99.98,  4.68800
2019-06-24T02:44:59.000Z,   6.02,  99.98, 43.34600
2019-06-25T02:19:59.000Z,   6.02,  99.98, -32767.00000
2019-06-26T02:59:59.000Z,   6.02,  99.98, -32767.00000
2019-06-27T02:09:59.000Z,   6.02,  99.98, 27.50200
2019-06-28T02:49:59.000Z,   6.02,  99.98, 36.21600
2019-06-29T02:59:59.000Z,   6.02,  99.98, 54.56800
2019-06-30T02:39:59.000Z,   6.02,  99.98, 48.09200
2019-07-01T02:50:00.000Z,   6.02,  99.98, 55.13800
2019-07-02T02:25:00.000Z,   6.02,  99.98, 50.76200
2019-07-03T02:40:00.000Z,   6.02,  99.98, 35.62600
2019-07-04T02:15:00.000Z,   6.02,  99.98, -32767.00000
2019-07-05T02:54:59.000Z,   6.02,  99.98, -32767.00000
2019-07-06T02:59:59.000Z,   6.02,  99.98, 30.49800
2019-07-07T02:45:00.000Z,   6.02,  99.98, 54.72600
2019-07-08T02:54:59.000Z,   6.02,  99.98, 54.47800
2019-07-09T02:29:59.000Z,   6.02,  99.98, 54.09800
2019-07-10T02:44:59.000Z,   6.02,  99.98, 46.69800
2019-07-11T02:19:59.000Z,   6.02,  99.98, -32767.00000
2019-07-12T02:59:59.000Z,   6.02,  99.98, 54.80200
2019-07-13T02:09:59.000Z,   6.02,  99.98, 49.35200
2019-07-14T02:49:59.000Z,   6.02,  99.98, 42.18600
2019-07-15T02:59:59.000Z,   6.02,  99.98, 20.23000
2019-07-16T02:39:59.000Z,   6.02,  99.98, 36.12400
2019-07-17T02:50:00.000Z,   6.02,  99.98, 10.69800
2019-07-18T02:25:00.000Z,   6.02,  99.98, 55.13000
2019-07-19T02:40:00.000Z,   6.02,  99.98,  7.69600
2019-07-20T02:15:00.000Z,   6.02,  99.98, -32767.00000
2019-07-21T02:54:59.000Z,   6.02,  99.98, -32767.00000
2019-07-22T02:59:59.000Z,   6.02,  99.98, 51.43400
2019-07-23T02:45:00.000Z,   6.02,  99.98, 55.35200
2019-07-24T02:54:59.000Z,   6.02,  99.98, 54.18600
2019-07-25T02:29:59.000Z,   6.02,  99.98, 48.74000
2019-07-26T02:44:59.000Z,   6.02,  99.98, 25.95000
2019-07-27T02:19:59.000Z,   6.02,  99.98, -32767.00000
2019-07-28T02:59:59.000Z,   6.02,  99.98, 56.17600
2019-07-29T02:04:59.000Z,   6.02,  99.98, 55.72000
2019-07-30T02:49:59.000Z,   6.02,  99.98, 55.43400
2019-07-31T02:59:59.000Z,   6.02,  99.98, 55.78600
2019-08-01T02:39:59.000Z,   6.02,  99.98, 51.84400
2019-08-02T02:50:00.000Z,   6.02,  99.98, 53.00800
2019-08-03T02:25:00.000Z,   6.02,  99.98, 49.21600
2019-08-04T02:40:00.000Z,   6.02,  99.98, 55.95400
2019-08-05T02:15:00.000Z,   6.02,  99.98, -32767.00000
2019-08-06T02:55:00.000Z,   6.02,  99.98, -32767.00000
2019-08-07T02:59:59.000Z,   6.02,  99.98, 48.30000
2019-08-08T02:45:00.000Z,   6.02,  99.98, 55.29600
2019-08-09T02:54:59.000Z,   6.02,  99.98, 56.63000
2019-08-10T02:29:59.000Z,   6.02,  99.98, 37.77200
2019-08-11T02:44:59.000Z,   6.02,  99.98,  5.80600
2019-08-12T02:19:59.000Z,   6.02,  99.98, -32767.00000
2019-08-13T02:59:59.000Z,   6.02,  99.98, -32767.00000
2019-08-14T02:59:59.000Z,   6.02,  99.98, 55.69400
2019-08-15T02:49:59.000Z,   6.02,  99.98, -32767.00000
2019-08-16T02:59:59.000Z,   6.02,  99.98, 38.61600
2019-08-17T02:39:59.000Z,   6.02,  99.98, 56.52200
2019-08-18T02:50:00.000Z,   6.02,  99.98, 56.80800
2019-08-19T02:25:00.000Z,   6.02,  99.98, 54.82400
2019-08-20T02:40:00.000Z,   6.02,  99.98, 57.34200
2019-08-21T02:15:00.000Z,   6.02,  99.98, -32767.00000
2019-08-22T02:55:00.000Z,   6.02,  99.98, -32767.00000
2019-08-23T02:59:59.000Z,   6.02,  99.98, 57.57400
2019-08-24T02:45:00.000Z,   6.02,  99.98, 57.64600
2019-08-25T02:54:59.000Z,   6.02,  99.98, 21.48000
2019-08-26T02:29:59.000Z,   6.02,  99.98, 13.94800
2019-08-27T02:44:59.000Z,   6.02,  99.98, 49.10400
2019-08-28T02:19:59.000Z,   6.02,  99.98, -32767.00000
2019-08-29T02:59:59.000Z,   6.02,  99.98, -32767.00000
2019-08-30T02:59:59.000Z,   6.02,  99.98,  8.19600
2019-08-31T02:49:59.000Z,   6.02,  99.98, -32767.00000
2019-09-01T02:59:59.000Z,   6.02,  99.98, 51.83000
2019-09-02T02:39:59.000Z,   6.02,  99.98, 31.71800
2019-09-02T02:39:59.000Z,   6.02,  99.98, 31.75200
2019-09-03T02:50:00.000Z,   6.02,  99.98, 52.69400
2019-09-04T02:25:00.000Z,   6.02,  99.98, 11.69800
2019-09-05T02:40:00.000Z,   6.02,  99.98, 51.09600
2019-09-06T02:15:00.000Z,   6.02,  99.98, -32767.00000
2019-09-07T02:55:00.000Z,   6.02,  99.98, -32767.00000
2019-09-08T02:59:59.000Z,   6.02,  99.98, 54.71600
2019-09-09T02:45:00.000Z,   6.02,  99.98, -32767.00000
2019-09-10T02:54:59.000Z,   6.02,  99.98, 54.94000
2019-09-11T02:29:59.000Z,   6.02,  99.98, 51.67600
2019-09-12T02:44:59.000Z,   6.02,  99.98, 52.95400
2019-09-13T02:19:59.000Z,   6.02,  99.98, -32767.00000
2019-09-14T02:59:59.000Z,   6.02,  99.98, -32767.00000
2019-09-15T02:59:59.000Z,   6.02,  99.98, 15.86200
2019-09-16T02:49:59.000Z,   6.02,  99.98, -32767.00000
2019-09-17T02:59:59.000Z,   6.02,  99.98, 12.18000
2019-09-18T02:39:59.000Z,   6.02,  99.98, 50.87000
2019-09-19T02:50:00.000Z,   6.02,  99.98, 12.03000
2019-09-20T02:25:00.000Z,   6.02,  99.98, 33.01000
2019-09-21T02:40:00.000Z,   6.02,  99.98, 54.45600
2019-09-22T02:15:00.000Z,   6.02,  99.98, -32767.00000
2019-09-23T02:55:00.000Z,   6.02,  99.98, -32767.00000
2019-09-24T02:59:59.000Z,   6.02,  99.98, 51.17400
2019-09-25T02:45:00.000Z,   6.02,  99.98, 12.53600
2019-09-26T02:54:59.000Z,   6.02,  99.98, 56.80200
2019-09-27T02:29:59.000Z,   6.02,  99.98, 19.68000
2019-09-28T02:44:59.000Z,   6.02,  99.98, 57.30000
2019-09-29T02:19:59.000Z,   6.02,  99.98, -32767.00000
2019-09-30T02:59:59.000Z,   6.02,  99.98, 57.24600
2019-10-01T02:59:59.000Z,   6.02,  99.98, 53.21200
2019-10-02T02:49:59.000Z,   6.02,  99.98, -32767.00000
2019-10-03T02:59:59.000Z,   6.02,  99.98, 55.87600
2019-10-04T02:34:59.000Z,   6.02,  99.98, 54.92600
2019-10-05T02:50:00.000Z,   6.02,  99.98, 56.59200
2019-10-06T02:25:00.000Z,   6.02,  99.98, 46.97200
2019-10-07T02:39:59.000Z,   6.02,  99.98, 20.98800
2019-10-08T02:09:59.000Z,   6.02,  99.98, -32767.00000
2019-10-09T02:29:59.000Z,   6.02,  99.98, -32767.00000
2019-10-10T02:59:59.000Z,   6.02,  99.98, 44.93000
2019-10-11T02:19:59.000Z,   6.02,  99.98, 54.26400
2019-10-12T02:54:59.000Z,   6.02,  99.98, 56.49200
2019-10-13T02:29:59.000Z,   6.02,  99.98, 48.74400
2019-10-14T02:44:59.000Z,   6.02,  99.98, 55.85800
2019-10-15T02:14:59.000Z,   6.02,  99.98, -32767.00000
2019-10-16T02:35:00.000Z,   6.02,  99.98, 56.19400
2019-10-17T03:00:00.000Z,   6.02,  99.98, 54.53000
2019-10-18T02:25:00.000Z,   6.02,  99.98, -32767.00000
2019-10-19T03:00:00.000Z,   6.02,  99.98, 27.18000
2019-10-20T02:14:59.000Z,   6.02,  99.98, 47.64800
2019-10-21T02:50:00.000Z,   6.02,  99.98, 55.74600
2019-10-22T02:19:59.000Z,   6.02,  99.98, -32767.00000
2019-10-23T02:39:59.000Z,   6.02,  99.98, 49.79600
2019-10-24T02:09:59.000Z,   6.02,  99.98, -32767.00000
2019-10-25T02:29:59.000Z,   6.02,  99.98, 46.15600
2019-10-26T02:59:59.000Z,   6.02,  99.98, 55.09600
2019-10-27T02:19:59.000Z,   6.02,  99.98, 52.72200
2019-10-28T02:54:59.000Z,   6.02,  99.98, 13.53000
2019-10-29T02:10:00.000Z,   6.02,  99.98, 30.23600
2019-10-30T02:44:59.000Z,   6.02,  99.98, 54.55600
2019-10-31T02:15:00.000Z,   6.02,  99.98, -32767.00000
2019-11-01T02:35:00.000Z,   6.02,  99.98, 54.48800
2019-11-02T03:00:00.000Z,   6.02,  99.98, 29.67600
2019-11-03T02:24:59.000Z,   6.02,  99.98, -32767.00000
2019-11-04T03:00:00.000Z,   6.02,  99.98, 53.60400
2019-11-05T02:14:59.000Z,   6.02,  99.98, 46.66000
2019-11-06T02:49:59.000Z,   6.02,  99.98, 20.55800
2019-11-07T02:09:59.000Z,   6.02,  99.98, 35.39400
2019-11-08T02:39:59.000Z,   6.02,  99.98, 47.73800
2019-11-09T02:09:59.000Z,   6.02,  99.98, -32767.00000
2019-11-10T02:29:59.000Z,   6.02,  99.98, 53.52400
2019-11-11T02:59:59.000Z,   6.02,  99.98, 24.20200
2019-11-12T02:20:00.000Z,   6.02,  99.98, 53.31400
2019-11-13T02:54:59.000Z,   6.02,  99.98,  8.18400
2019-11-14T02:10:00.000Z,   6.02,  99.98, 48.54800
2019-11-15T02:45:00.000Z,   6.02,  99.98, 53.02000
2019-11-16T02:04:59.000Z,   6.02,  99.98, -32767.00000
2019-11-17T02:34:59.000Z,   6.02,  99.98, 52.87800
2019-11-18T02:59:59.000Z,   6.02,  99.98, 52.62000
2019-11-19T02:24:59.000Z,   6.02,  99.98, 52.37600
2019-11-20T02:59:59.000Z,   6.02,  99.98, 52.46000
2019-11-21T02:14:59.000Z,   6.02,  99.98, 52.39400
2019-11-22T02:49:59.000Z,   6.02,  99.98, 52.30400
2019-11-23T02:09:59.000Z,   6.02,  99.98, 35.46400
2019-11-24T02:39:59.000Z,   6.02,  99.98, 51.94200
2019-11-25T02:05:00.000Z,   6.02,  99.98, -32767.00000
2019-11-26T02:30:00.000Z,   6.02,  99.98, -32767.00000
2019-11-27T03:00:00.000Z,   6.02,  99.98, 40.29000
2019-11-28T02:20:00.000Z,   6.02,  99.98, 51.15800
2019-11-29T02:55:00.000Z,   6.02,  99.98, 29.72600
2019-11-30T02:09:59.000Z,   6.02,  99.98, 45.85800
2019-12-01T02:44:59.000Z,   6.02,  99.98, 18.84000
2019-12-02T02:04:59.000Z,   6.02,  99.98, -32767.00000
2019-12-03T02:34:59.000Z,   6.02,  99.98, 33.69600
2019-12-04T02:59:59.000Z,   6.02,  99.98, 47.27600
2019-12-05T02:24:59.000Z,   6.02,  99.98, -32767.00000
2019-12-06T02:59:59.000Z,   6.02,  99.98, 51.11600
2019-12-07T02:15:00.000Z,   6.02,  99.98, 51.08800
2019-12-08T02:49:59.000Z,   6.02,  99.98, 50.63600
2019-12-09T02:10:00.000Z,   6.02,  99.98, 37.11800
2019-12-10T02:40:00.000Z,   6.02,  99.98, 50.02800
2019-12-11T02:05:00.000Z,   6.02,  99.98, -32767.00000
2019-12-12T02:29:59.000Z,   6.02,  99.98, 48.28600
2019-12-13T03:00:00.000Z,   6.02,  99.98, 50.45400
2019-12-14T02:19:59.000Z,   6.02,  99.98, 49.34200
2019-12-15T02:54:59.000Z,   6.02,  99.98, 25.28800
2019-12-16T02:09:59.000Z,   6.02,  99.98, 48.57800
2019-12-17T02:44:59.000Z,   6.02,  99.98, 28.91800
2019-12-18T02:04:59.000Z,   6.02,  99.98, -32767.00000
2019-12-19T02:34:59.000Z,   6.02,  99.98, 29.73200
2019-12-20T02:59:59.000Z,   6.02,  99.98, 50.22600
2019-12-21T02:25:00.000Z,   6.02,  99.98, 50.33200
2019-12-22T02:59:59.000Z,   6.02,  99.98, 50.36200
2019-12-23T02:15:00.000Z,   6.02,  99.98, 50.29200
2019-12-24T02:50:00.000Z,   6.02,  99.98, 50.31800
2019-12-25T02:09:59.000Z,   6.02,  99.98, 50.56000
2019-12-26T02:39:59.000Z,   6.02,  99.98, 50.34800
2019-12-27T02:04:59.000Z,   6.02,  99.98, -32767.00000
2019-12-28T02:29:59.000Z,   6.02,  99.98, 50.54800
2019-12-29T02:59:59.000Z,   6.02,  99.98, 48.33000
2019-12-30T02:19:59.000Z,   6.02,  99.98, 50.47600
2019-12-31T02:54:59.000Z,   6.02,  99.98, 50.46000
2020-01-01T02:10:00.000Z,   6.02,  99.98, 50.61800
2020-01-02T02:44:59.000Z,   6.02,  99.98, 49.17200
2020-01-03T02:05:00.000Z,   6.02,  99.98, -32767.00000
2020-01-04T02:35:00.000Z,   6.02,  99.98, 49.86800
2020-01-05T03:00:00.000Z,   6.02,  99.98, 50.49600
2020-01-06T02:24:59.000Z,   6.02,  99.98, 50.71800
2020-01-07T03:00:00.000Z,   6.02,  99.98, 50.70600
2020-01-08T02:14:59.000Z,   6.02,  99.98, 47.73800
2020-01-09T02:49:59.000Z,   6.02,  99.98, 49.55600
2020-01-10T02:09:59.000Z,   6.02,  99.98, 50.30600
2020-01-11T02:39:59.000Z,   6.02,  99.98, 51.11400
2020-01-12T02:04:59.000Z,   6.02,  99.98, -32767.00000
2020-01-13T02:29:59.000Z,   6.02,  99.98, 48.42400
2020-01-14T02:59:59.000Z,   6.02,  99.98, 51.37800
2020-01-15T02:20:00.000Z,   6.02,  99.98, 51.48000
2020-01-16T02:54:59.000Z,   6.02,  99.98, 51.59000
2020-01-17T02:10:00.000Z,   6.02,  99.98, 50.67000
2020-01-18T02:45:00.000Z,   6.02,  99.98, 51.62400
2020-01-19T02:04:59.000Z,   6.02,  99.98, -32767.00000
2020-01-20T02:34:59.000Z,   6.02,  99.98, 51.82400
2020-01-21T02:59:59.000Z,   6.02,  99.98, 51.32000
2020-01-22T02:24:59.000Z,   6.02,  99.98, 43.59600
2020-01-23T02:59:59.000Z,   6.02,  99.98, 52.20800
2020-01-24T02:14:59.000Z,   6.02,  99.98, 52.35600
2020-01-25T02:49:59.000Z,   6.02,  99.98, 52.51600
2020-01-26T02:09:59.000Z,   6.02,  99.98, 52.79000
2020-01-27T02:39:59.000Z,   6.02,  99.98, 52.69600
2020-01-28T02:09:59.000Z,   6.02,  99.98, -32767.00000
2020-01-29T02:30:00.000Z,   6.02,  99.98, 52.93400
2020-01-30T03:00:00.000Z,   6.02,  99.98, 51.59800
2020-01-31T02:20:00.000Z,   6.02,  99.98, 52.73400
2020-02-01T02:55:00.000Z,   6.02,  99.98, 51.09800
2020-02-02T02:09:59.000Z,   6.02,  99.98, 53.31800
2020-02-03T02:44:59.000Z,   6.02,  99.98, 43.31800
2020-02-04T02:04:59.000Z,   6.02,  99.98, -32767.00000
2020-02-05T02:34:59.000Z,   6.02,  99.98, 54.60000
2020-02-06T02:59:59.000Z,   6.02,  99.98, 50.01400
2020-02-07T02:24:59.000Z,   6.02,  99.98, 53.50600
2020-02-08T02:59:59.000Z,   6.02,  99.98, 44.03800
2020-02-09T02:15:00.000Z,   6.02,  99.98, 54.03600
2020-02-10T02:49:59.000Z,   6.02,  99.98, 52.33000
2020-02-11T02:10:00.000Z,   6.02,  99.98, 32.91800
2020-02-12T02:40:00.000Z,   6.02,  99.98, 31.88000
2020-02-13T02:10:00.000Z,   6.02,  99.98, -32767.00000
2020-02-14T02:30:00.000Z,   6.02,  99.98, 54.62200
2020-02-15T03:00:00.000Z,   6.02,  99.98, 55.07800
2020-02-16T02:19:59.000Z,   6.02,  99.98, 55.43200
2020-02-17T02:55:00.000Z,   6.02,  99.98, 55.32400
2020-02-18T02:09:59.000Z,   6.02,  99.98, 55.62800
2020-02-19T02:44:59.000Z,   6.02,  99.98, 40.65400
2020-02-20T02:14:59.000Z,   6.02,  99.98, -32767.00000
2020-02-21T02:34:59.000Z,   6.02,  99.98, 56.12400
2020-02-22T02:59:59.000Z,   6.02,  99.98, 56.11800
2020-02-23T02:24:59.000Z,   6.02,  99.98, -32767.00000
2020-02-24T02:59:59.000Z,   6.02,  99.98, 56.70400
2020-02-25T02:15:00.000Z,   6.02,  99.98, 56.43600
2020-02-26T02:49:59.000Z,   6.02,  99.98, 56.44800
2020-02-27T02:24:59.000Z,   6.02,  99.98, 56.81400
2020-02-28T02:40:00.000Z,   6.02,  99.98, 56.72800
2020-02-29T02:10:00.000Z,   6.02,  99.98, -32767.00000
2020-03-01T02:29:59.000Z,   6.02,  99.98, -32767.00000
2020-03-02T03:00:00.000Z,   6.02,  99.98, 56.92800
2020-03-03T02:45:00.000Z,   6.02,  99.98, 55.82200
2020-03-04T02:54:59.000Z,   6.02,  99.98, 57.35600
2020-03-05T02:29:59.000Z,   6.02,  99.98, 57.26600
2020-03-06T02:44:59.000Z,   6.02,  99.98, 52.29800
2020-03-07T02:19:59.000Z,   6.02,  99.98, -32767.00000
2020-03-08T03:00:00.000Z,   6.02,  99.98, -32767.00000
2020-03-09T02:59:59.000Z,   6.02,  99.98, 57.75400
2020-03-10T02:49:59.000Z,   6.02,  99.98, -32767.00000
2020-03-11T02:59:59.000Z,   6.02,  99.98, 57.75200
2020-03-12T02:39:59.000Z,   6.02,  99.98, 56.96600
2020-03-13T02:50:00.000Z,   6.02,  99.98, 58.04400
2020-03-14T02:25:00.000Z,   6.02,  99.98, 58.17200
2020-03-15T02:40:00.000Z,   6.02,  99.98, 58.00600
2020-03-16T02:15:00.000Z,   6.02,  99.98, -32767.00000
2020-03-17T02:54:59.000Z,   6.02,  99.98, -32767.00000
2020-03-18T02:59:59.000Z,   6.02,  99.98, 58.38000
2020-03-19T02:45:00.000Z,   6.02,  99.98, -32767.00000
2020-03-20T02:54:59.000Z,   6.02,  99.98, 58.51000
2020-03-21T02:34:59.000Z,   6.02,  99.98, 54.00600
2020-03-22T02:44:59.000Z,   6.02,  99.98, 58.47400
2020-03-23T02:19:59.000Z,   6.02,  99.98, -32767.00000
2020-03-24T02:59:59.000Z,   6.02,  99.98, -32767.00000
2020-03-25T02:59:59.000Z,   6.02,  99.98, 57.33600
2020-03-26T02:49:59.000Z,   6.02,  99.98, 54.41600
2020-03-27T02:59:59.000Z,   6.02,  99.98, 58.45200
2020-03-28T02:39:59.000Z,   6.02,  99.98, 58.72400
2020-03-29T02:50:00.000Z,   6.02,  99.98, 58.57000
2020-03-30T02:25:00.000Z,   6.02,  99.98, 57.74600
2020-03-31T02:40:00.000Z,   6.02,  99.98, 58.80800
2020-04-01T02:15:00.000Z,   6.02,  99.98, -32767.00000
2020-04-02T02:54:59.000Z,   6.02,  99.98, -32767.00000
2020-04-03T02:59:59.000Z,   6.02,  99.98, 58.42400
2020-04-04T02:45:00.000Z,   6.02,  99.98, -32767.00000
2020-04-05T02:54:59.000Z,   6.02,  99.98, 58.39400
2020-04-06T02:34:59.000Z,   6.02,  99.98, 56.98000
2020-04-07T02:44:59.000Z,   6.02,  99.98, 58.26000
2020-04-08T02:19:59.000Z,   6.02,  99.98, -32767.00000
2020-04-09T02:59:59.000Z,   6.02,  99.98, 58.38400
2020-04-10T02:59:59.000Z,   6.02,  99.98, 41.67800
2020-04-11T02:49:59.000Z,   6.02,  99.98, -32767.00000
2020-04-12T02:59:59.000Z,   6.02,  99.98, 57.20400
2020-04-13T02:39:59.000Z,   6.02,  99.98, 58.31200
2020-04-14T02:50:00.000Z,   6.02,  99.98, 54.94800
2020-04-15T02:25:00.000Z,   6.02,  99.98, 30.86800
2020-04-16T02:40:00.000Z,   6.02,  99.98, 57.14800
2020-04-17T02:15:00.000Z,   6.02,  99.98, -32767.00000
2020-04-18T02:55:00.000Z,   6.02,  99.98, -32767.00000
2020-04-19T02:59:59.000Z,   6.02,  99.98, 57.89400
2020-04-20T02:45:00.000Z,   6.02,  99.98, 57.99800
2020-04-21T02:54:59.000Z,   6.02,  99.98, 57.75200
2020-04-22T02:34:59.000Z,   6.02,  99.98, 57.94400
2020-04-23T02:44:59.000Z,   6.02,  99.98, 57.69800
2020-04-24T02:19:59.000Z,   6.02,  99.98, -32767.00000
2020-04-25T02:59:59.000Z,   6.02,  99.98, -32767.00000
2020-04-26T02:59:59.000Z,   6.02,  99.98, 57.76200
2020-04-27T02:49:59.000Z,   6.02,  99.98, -32767.00000
2020-04-28T02:59:59.000Z,   6.02,  99.98, 57.35800
2020-04-29T02:39:59.000Z,   6.02,  99.98, 57.44200
2020-04-30T02:50:00.000Z,   6.02,  99.98, 57.37800
2020-05-01T02:25:00.000Z,   6.02,  99.98, 53.80400
2020-05-02T02:39:59.000Z,   6.02,  99.98, 40.64800
2020-05-03T02:14:59.000Z,   6.02,  99.98, -32767.00000
2020-05-04T02:55:00.000Z,   6.02,  99.98, -32767.00000
2020-05-05T02:59:59.000Z,   6.02,  99.98, 50.91800
2020-05-06T02:45:00.000Z,   6.02,  99.98, 57.01600
2020-05-07T02:54:59.000Z,   6.02,  99.98, 56.85200
2020-05-08T02:29:59.000Z,   6.02,  99.98, 55.28400
2020-05-09T02:44:59.000Z,   6.02,  99.98, 56.72600
2020-05-10T02:19:59.000Z,   6.02,  99.98, -32767.00000
2020-05-11T02:59:59.000Z,   6.02,  99.98, 38.35800
2020-05-12T02:10:00.000Z,   6.02,  99.98, 35.73800
2020-05-13T02:49:59.000Z,   6.02,  99.98, 55.70000
2020-05-14T03:00:00.000Z,   6.02,  99.98, 49.08200
2020-05-15T02:39:59.000Z,   6.02,  99.98, 25.55800
2020-05-16T02:50:00.000Z,   6.02,  99.98, 56.27200
2020-05-17T02:25:00.000Z,   6.02,  99.98, 35.01200
2020-05-18T02:39:59.000Z,   6.02,  99.98, 25.29600
2020-05-19T02:14:59.000Z,   6.02,  99.98, -32767.00000
2020-05-20T02:55:00.000Z,   6.02,  99.98, 55.80400
2020-05-21T02:59:59.000Z,   6.02,  99.98, 55.48000
2020-05-22T02:44:59.000Z,   6.02,  99.98, 56.09600
2020-05-23T02:54:59.000Z,   6.02,  99.98, 53.35800
2020-05-24T02:29:59.000Z,   6.02,  99.98, 55.74000
2020-05-25T02:44:59.000Z,   6.02,  99.98, 47.82000
2020-05-26T02:19:59.000Z,   6.02,  99.98, -32767.00000
2020-05-27T02:59:59.000Z,   6.02,  99.98, 30.84600
2020-05-28T02:10:00.000Z,   6.02,  99.98, 49.79800
2020-05-29T02:49:59.000Z,   6.02,  99.98, 55.66400
2020-05-30T03:00:00.000Z,   6.02,  99.98, 40.85600
2020-05-31T02:40:00.000Z,   6.02,  99.98, 47.35200
2020-06-01T02:49:59.000Z,   6.02,  99.98, 55.21000
2020-06-02T02:24:59.000Z,   6.02,  99.98, 46.61600
2020-06-03T02:39:59.000Z,   6.02,  99.98, 55.18800
2020-06-04T02:14:59.000Z,   6.02,  99.98, -32767.00000
2020-06-05T02:55:00.000Z,   6.02,  99.98, -32767.00000
2020-06-06T02:59:59.000Z,   6.02,  99.98, 47.21000
2020-06-07T02:44:59.000Z,   6.02,  99.98, 43.17800
2020-06-08T02:54:59.000Z,   6.02,  99.98, 38.76800
2020-06-09T02:29:59.000Z,   6.02,  99.98, 45.31600
2020-06-10T02:45:00.000Z,   6.02,  99.98, 55.35600
2020-06-11T02:20:00.000Z,   6.02,  99.98, -32767.00000
2020-06-12T02:59:59.000Z,   6.02,  99.98, 55.35400
2020-06-13T02:10:00.000Z,   6.02,  99.98, 22.77400
2020-06-14T02:49:59.000Z,   6.02,  99.98, -32767.00000
2020-06-15T03:00:00.000Z,   6.02,  99.98, 13.18800
2020-06-16T02:40:00.000Z,   6.02,  99.98, 43.31200
2020-06-17T02:49:59.000Z,   6.02,  99.98, 35.33000
2020-06-18T02:24:59.000Z,   6.02,  99.98, 32.77800
2020-06-19T02:39:59.000Z,   6.02,  99.98, 52.32800
2020-06-20T02:14:59.000Z,   6.02,  99.98, -32767.00000
2020-06-21T02:54:59.000Z,   6.02,  99.98, -32767.00000
2020-06-22T02:59:59.000Z,   6.02,  99.98, 55.04400
2020-06-23T02:44:59.000Z,   6.02,  99.98, 55.02800
2020-06-24T02:54:59.000Z,   6.02,  99.98, 54.03400
2020-06-25T02:29:59.000Z,   6.02,  99.98, 53.70800
2020-06-26T02:45:00.000Z,   6.02,  99.98, 55.12000
2020-06-27T02:20:00.000Z,   6.02,  99.98, -32767.00000
2020-06-28T02:59:59.000Z,   6.02,  99.98, 38.69600
2020-06-29T02:10:00.000Z,   6.02,  99.98, 34.21200
2020-06-30T02:50:00.000Z,   6.02,  99.98, -32767.00000
2020-07-01T03:00:00.000Z,   6.02,  99.98, 48.29200
2020-07-02T02:40:00.000Z,   6.02,  99.98, 30.46800
2020-07-03T02:49:59.000Z,   6.02,  99.98, 52.14200
2020-07-04T02:24:59.000Z,   6.02,  99.98, 30.14000
2020-07-05T02:39:59.000Z,   6.02,  99.98, 38.32000
2020-07-06T02:14:59.000Z,   6.02,  99.98, -32767.00000
2020-07-07T02:54:59.000Z,   6.02,  99.98, -32767.00000
2020-07-08T02:59:59.000Z,   6.02,  99.98, 31.09400
2020-07-09T02:44:59.000Z,   6.02,  99.98, 53.22800
2020-07-10T02:54:59.000Z,   6.02,  99.98, 54.02600
2020-07-11T02:29:59.000Z,   6.02,  99.98, 34.04400
2020-07-12T02:45:00.000Z,   6.02,  99.98, 26.10400
2020-07-13T02:20:00.000Z,   6.02,  99.98, -32767.00000
2020-07-14T02:59:59.000Z,   6.02,  99.98, 27.85200
2020-07-15T02:09:59.000Z,   6.02,  99.98, 52.82200
2020-07-16T02:50:00.000Z,   6.02,  99.98, 55.07800
2020-07-17T02:59:59.000Z,   6.02,  99.98, 13.55200
2020-07-18T02:40:00.000Z,   6.02,  99.98, 49.40000
2020-07-19T02:49:59.000Z,   6.02,  99.98, 48.27000
2020-07-20T02:24:59.000Z,   6.02,  99.98, 55.27000
2020-07-21T02:39:59.000Z,   6.02,  99.98, 55.19600
2020-07-22T02:14:59.000Z,   6.02,  99.98, -32767.00000
2020-07-23T02:54:59.000Z,   6.02,  99.98, 51.87000
2020-07-24T02:59:59.000Z,   6.02,  99.98, 54.95000
2020-07-25T02:44:59.000Z,   6.02,  99.98, 55.51800
2020-07-26T02:54:59.000Z,   6.02,  99.98, 55.47000
2020-07-27T02:29:59.000Z,   6.02,  99.98, 54.37000
2020-07-28T02:45:00.000Z,   6.02,  99.98, 53.32400
2020-07-29T02:20:00.000Z,   6.02,  99.98, -32767.00000
2020-07-30T02:59:59.000Z,   6.02,  99.98, -32767.00000
2020-07-31T02:09:59.000Z,   6.02,  99.98, 29.35800
2020-08-01T02:50:00.000Z,   6.02,  99.98, -32767.00000
2020-08-02T02:59:59.000Z,   6.02,  99.98, 47.85600
2020-08-03T02:40:00.000Z,   6.02,  99.98, 35.42400
2020-08-04T02:49:59.000Z,   6.02,  99.98, 56.08800
2020-08-05T02:24:59.000Z,   6.02,  99.98, 37.03600
2020-08-06T02:39:59.000Z,   6.02,  99.98, 49.01400
2020-08-07T02:14:59.000Z,   6.02,  99.98, -32767.00000
2020-08-08T02:54:59.000Z,   6.02,  99.98, -32767.00000
2020-08-09T02:59:59.000Z,   6.02,  99.98, 54.14800
2020-08-10T02:44:59.000Z,   6.02,  99.98, 54.52000
2020-08-11T02:54:59.000Z,   6.02,  99.98, 44.90000
2020-08-12T02:29:59.000Z,   6.02,  99.98, 56.04000
2020-08-13T02:45:00.000Z,   6.02,  99.98, 24.74800
2020-08-14T02:20:00.000Z,   6.02,  99.98, -32767.00000
2020-08-15T02:59:59.000Z,   6.02,  99.98, 31.23000
2020-08-16T02:59:59.000Z,   6.02,  99.98, 44.32000
2020-08-17T02:50:00.000Z,   6.02,  99.98, -32767.00000
2020-08-18T02:59:59.000Z,   6.02,  99.98, -32767.00000
2020-08-19T02:40:00.000Z,   6.02,  99.98, -32767.00000
2020-08-20T02:48:24.000Z,   6.02,  99.98, -32767.00000
2020-08-21T01:50:00.000Z,   6.02,  99.98, -32767.00000
2020-08-22T02:36:06.000Z,   6.02,  99.98, -32767.00000
2020-08-23T01:34:59.000Z,   6.02,  99.98, -32767.00000
2020-08-24T02:54:59.000Z,   6.02,  99.98, -32767.00000
2020-08-25T02:59:59.000Z,   6.02,  99.98, -32767.00000
2020-08-26T02:44:59.000Z,   6.02,  99.98, -32767.00000
2020-08-27T02:54:37.000Z,   6.02,  99.98, -32767.00000
2020-08-28T01:54:59.000Z,   6.02,  99.98, -32767.00000
2020-08-29T02:42:17.000Z,   6.02,  99.98, -32767.00000
2020-08-30T01:44:59.000Z,   6.02,  99.98, -32767.00000
2020-08-31T02:59:59.000Z,   6.02,  99.98, -32767.00000
2020-09-01T02:09:59.000Z,   6.02,  99.98, -32767.00000
2020-09-02T02:50:00.000Z,   6.02,  99.98, -32767.00000
2020-09-03T02:59:59.000Z,   6.02,  99.98, -32767.00000
2020-09-04T02:40:00.000Z,   6.02,  99.98, 56.46600
2020-09-05T02:49:59.000Z,   6.02,  99.98, 57.48400
2020-09-06T02:24:59.000Z,   6.02,  99.98, 49.31000
2020-09-07T02:39:59.000Z,   6.02,  99.98, 57.61800
2020-09-08T02:14:59.000Z,   6.02,  99.98, -32767.00000
2020-09-09T02:54:59.000Z,   6.02,  99.98, -32767.00000
2020-09-10T02:59:59.000Z,   6.02,  99.98, 56.93800
2020-09-11T02:44:59.000Z,   6.02,  99.98, -32767.00000
2020-09-12T02:55:00.000Z,   6.02,  99.98, 52.65400
2020-09-13T02:30:00.000Z,   6.02,  99.98, 45.42600
2020-09-14T02:45:00.000Z,   6.02,  99.98, 50.68200
2020-09-15T02:20:00.000Z,   6.02,  99.98, -32767.00000
2020-09-16T02:59:59.000Z,   6.02,  99.98, -32767.00000
2020-09-17T02:59:59.000Z,   6.02,  99.98, 50.63200
2020-09-18T02:50:00.000Z,   6.02,  99.98, -32767.00000
2020-09-19T02:59:59.000Z,   6.02,  99.98, 22.40400
2020-09-20T02:39:59.000Z,   6.02,  99.98, -32767.00000
2020-09-21T02:49:59.000Z,   6.02,  99.98, 24.32600
2020-09-22T02:24:59.000Z,   6.02,  99.98, 49.98400
2020-09-23T02:39:59.000Z,   6.02,  99.98, 57.39000
2020-09-24T02:14:59.000Z,   6.02,  99.98, -32767.00000
2020-09-25T02:54:59.000Z,   6.02,  99.98, -32767.00000
2020-09-26T03:00:00.000Z,   6.02,  99.98, 42.25800
2020-09-27T02:44:59.000Z,   6.02,  99.98, -32767.00000
2020-09-28T02:55:00.000Z,   6.02,  99.98, 32.35200
2020-09-29T02:30:00.000Z,   6.02,  99.98, 42.94000
2020-09-30T02:45:00.000Z,   6.02,  99.98, 57.08400
2020-10-01T02:20:00.000Z,   6.02,  99.98, -32767.00000
2020-10-02T03:00:00.000Z,   6.02,  99.98, 50.97000
2020-10-03T02:59:59.000Z,   6.02,  99.98, 27.94400
2020-10-04T02:50:00.000Z,   6.02,  99.98, -32767.00000
2020-10-05T02:59:59.000Z,   6.02,  99.98, 56.65800
2020-10-06T02:34:59.000Z,   6.02,  99.98, 54.95800
2020-10-07T02:49:59.000Z,   6.02,  99.98, 47.42000
2020-10-08T02:24:59.000Z,   6.02,  99.98, 11.55800
2020-10-09T02:39:59.000Z,   6.02,  99.98, 25.76400
2020-10-10T02:10:00.000Z,   6.02,  99.98, -32767.00000
2020-10-11T02:30:00.000Z,   6.02,  99.98, -32767.00000
2020-10-12T03:00:00.000Z,   6.02,  99.98, 19.11200
2020-10-13T02:19:59.000Z,   6.02,  99.98, -32767.00000
2020-10-14T02:55:00.000Z,   6.02,  99.98, 20.01000
2020-10-15T02:30:00.000Z,   6.02,  99.98, 29.44000
2020-10-16T02:44:59.000Z,   6.02,  99.98, 21.89600
2020-10-17T02:14:59.000Z,   6.02,  99.98, -32767.00000
2020-10-18T02:34:59.000Z,   6.02,  99.98, 55.64800
2020-10-19T02:59:59.000Z,   6.02,  99.98, 44.31200
2020-10-20T02:24:59.000Z,   6.02,  99.98, -32767.00000
2020-10-21T02:59:59.000Z,   6.02,  99.98, 55.52000
2020-10-22T02:15:00.000Z,   6.02,  99.98, 44.75400
2020-10-23T02:49:59.000Z,   6.02,  99.98, 20.76800
2020-10-24T02:10:00.000Z,   6.02,  99.98, 31.87600
2020-10-25T02:40:00.000Z,   6.02,  99.98, 41.58800
2020-10-26T02:10:00.000Z,   6.02,  99.98, -32767.00000
2020-10-27T02:29:59.000Z,   6.02,  99.98, -32767.00000
2020-10-28T03:00:00.000Z,   6.02,  99.98, 54.32000
2020-10-29T02:19:59.000Z,   6.02,  99.98, -32767.00000
2020-10-30T02:54:59.000Z,   6.02,  99.98, 51.25600
2020-10-31T02:09:59.000Z,   6.02,  99.98, 54.48200
2020-11-01T02:44:59.000Z,   6.02,  99.98, 53.55600
2020-11-02T02:04:59.000Z,   6.02,  99.98, -32767.00000
2020-11-03T02:34:59.000Z,   6.02,  99.98, 47.23200
2020-11-04T02:59:59.000Z,   6.02,  99.98, 37.46200
2020-11-05T02:25:00.000Z,   6.02,  99.98, -32767.00000
2020-11-06T02:59:59.000Z,   6.02,  99.98, 48.63600
2020-11-07T02:15:00.000Z,   6.02,  99.98, 53.81000
2020-11-08T02:50:00.000Z,   6.02,  99.98, 43.49000
2020-11-09T02:09:59.000Z,   6.02,  99.98, 53.57000
2020-11-10T02:39:59.000Z,   6.02,  99.98, 35.54000
2020-11-11T02:09:59.000Z,   6.02,  99.98, -32767.00000
2020-11-12T02:29:59.000Z,   6.02,  99.98, -32767.00000
2020-11-13T02:59:59.000Z,   6.02,  99.98, 46.61000
2020-11-14T02:19:59.000Z,   6.02,  99.98, 51.79800
2020-11-15T02:54:59.000Z,   6.02,  99.98, 52.70200
2020-11-16T02:10:00.000Z,   6.02,  99.98, 52.68600
2020-11-17T02:44:59.000Z,   6.02,  99.98, 52.55000
2020-11-18T02:05:00.000Z,   6.02,  99.98, -32767.00000
2020-11-19T02:35:00.000Z,   6.02,  99.98, 49.74000
2020-11-20T03:00:00.000Z,   6.02,  99.98, 52.26400
2020-11-21T02:25:00.000Z,   6.02,  99.98, 51.22000
2020-11-22T03:00:00.000Z,   6.02,  99.98, 51.35000
2020-11-23T02:14:59.000Z,   6.02,  99.98, 43.63800
2020-11-24T02:49:59.000Z,   6.02,  99.98,  8.28800
2020-11-25T02:09:59.000Z,   6.02,  99.98, 34.32600
2020-11-26T02:39:59.000Z,   6.02,  99.98, 24.52000
2020-11-27T02:04:59.000Z,   6.02,  99.98, -32767.00000
2020-11-28T02:29:59.000Z,   6.02,  99.98, 27.20600
2020-11-29T02:59:59.000Z,   6.02,  99.98, 25.75400
2020-11-30T02:20:00.000Z,   6.02,  99.98, 50.94000
2020-12-01T02:54:59.000Z,   6.02,  99.98, 35.83000
2020-12-02T02:10:00.000Z,   6.02,  99.98,  8.74800
2020-12-03T02:45:00.000Z,   6.02,  99.98, 47.24600
2020-12-04T02:04:59.000Z,   6.02,  99.98, -32767.00000
2020-12-05T02:34:59.000Z,   6.02,  99.98, 18.76400
2020-12-06T02:59:59.000Z,   6.02,  99.98, 32.24400
2020-12-07T02:24:59.000Z,   6.02,  99.98, 49.52200
2020-12-08T02:59:59.000Z,   6.02,  99.98, 50.03000
2020-12-09T02:14:59.000Z,   6.02,  99.98, 50.64200
2020-12-10T02:49:59.000Z,   6.02,  99.98, 48.97200
2020-12-11T02:09:59.000Z,   6.02,  99.98, 46.49400
2020-12-12T02:39:59.000Z,   6.02,  99.98, 50.36200
2020-12-13T02:05:00.000Z,   6.02,  99.98, -32767.00000
2020-12-14T02:30:00.000Z,   6.02,  99.98, 50.30000
2020-12-15T03:00:00.000Z,   6.02,  99.98, 50.32000
2020-12-16T02:19:59.000Z,   6.02,  99.98, 50.35000
2020-12-17T02:55:00.000Z,   6.02,  99.98, 41.87800
2020-12-18T02:09:59.000Z,   6.02,  99.98, 13.13200
2020-12-19T02:44:59.000Z,   6.02,  99.98, 33.64600
2020-12-20T02:04:59.000Z,   6.02,  99.98, -32767.00000
2020-12-21T02:34:59.000Z,   6.02,  99.98, 38.33000
2020-12-22T02:59:59.000Z,   6.02,  99.98, 43.50400
2020-12-23T02:24:59.000Z,   6.02,  99.98, -32767.00000
2020-12-24T02:59:59.000Z,   6.02,  99.98, 48.88400
2020-12-25T02:15:00.000Z,   6.02,  99.98, 45.97000
2020-12-26T02:49:59.000Z,   6.02,  99.98, 50.33600
2020-12-27T02:10:00.000Z,   6.02,  99.98, 33.70000
2020-12-28T02:40:00.000Z,   6.02,  99.98, 44.46600
2020-12-29T02:04:59.000Z,   6.02,  99.98, -32767.00000
2020-12-30T02:29:59.000Z,   6.02,  99.98, 50.64400
2020-12-31T02:59:59.000Z,   6.02,  99.98, 50.63600
2021-01-01T02:19:59.000Z,   6.02,  99.98, 38.31200
2019-09-02T02:39:59.000Z,   6.02,  99.98, 31.71800
